-- MySQL dump 10.13  Distrib 5.5.31, for osx10.6 (i386)
--
-- Host: localhost    Database: mta
-- ------------------------------------------------------
-- Server version	5.5.31

/*!40101 SET @OLD_CHARACTER_SET_CLIENT=@@CHARACTER_SET_CLIENT */;
/*!40101 SET @OLD_CHARACTER_SET_RESULTS=@@CHARACTER_SET_RESULTS */;
/*!40101 SET @OLD_COLLATION_CONNECTION=@@COLLATION_CONNECTION */;
/*!40101 SET NAMES utf8 */;
/*!40103 SET @OLD_TIME_ZONE=@@TIME_ZONE */;
/*!40103 SET TIME_ZONE='+00:00' */;
/*!40014 SET @OLD_UNIQUE_CHECKS=@@UNIQUE_CHECKS, UNIQUE_CHECKS=0 */;
/*!40014 SET @OLD_FOREIGN_KEY_CHECKS=@@FOREIGN_KEY_CHECKS, FOREIGN_KEY_CHECKS=0 */;
/*!40101 SET @OLD_SQL_MODE=@@SQL_MODE, SQL_MODE='NO_AUTO_VALUE_ON_ZERO' */;
/*!40111 SET @OLD_SQL_NOTES=@@SQL_NOTES, SQL_NOTES=0 */;

--
-- Table structure for table `fares_feb1`
--

DROP TABLE IF EXISTS `fares_feb1`;
/*!40101 SET @saved_cs_client     = @@character_set_client */;
/*!40101 SET character_set_client = utf8 */;
CREATE TABLE `fares_feb1` (
  `sendis` int(11) DEFAULT NULL,
  `remote` varchar(10) DEFAULT NULL,
  `students` int(11) DEFAULT NULL,
  `30d` int(11) DEFAULT NULL,
  `station` varchar(100) DEFAULT NULL,
  `7d` int(11) DEFAULT NULL,
  `ff` int(11) DEFAULT NULL
) ENGINE=InnoDB DEFAULT CHARSET=latin1;
/*!40101 SET character_set_client = @saved_cs_client */;

--
-- Dumping data for table `fares_feb1`
--

LOCK TABLES `fares_feb1` WRITE;
/*!40000 ALTER TABLE `fares_feb1` DISABLE KEYS */;
INSERT INTO `fares_feb1` VALUES (1085,'R001',1260,16558,'WHITEHALL STREET              ',11904,33864),(166,'R003',711,1096,'CYPRESS HILLS                 ',1880,3273),(348,'R004',3414,3566,'75TH STREET & ELDERTS LANE    ',4542,8000),(466,'R005',1521,4671,'85TH STREET & FOREST PKWAY    ',4205,8972),(408,'R006',1599,5099,'WOODHAVEN BOULEVARD           ',5834,8945),(255,'R007',1157,2655,'104TH STREET                  ',3179,6412),(217,'R008',1936,2281,'111TH STREET                  ',2905,5520),(228,'R009',615,2290,'121ST STREET                  ',3219,4930),(3854,'R010',2146,54123,'42ND STREET & 8TH AVENUE      ',35909,84156),(8471,'R011',1761,71255,'42ND STREET & 8TH AVENUE      ',33341,228985),(6490,'R012',2370,67483,'34TH STREET & 8TH AVENUE      ',35527,188311),(2018,'R013',821,30166,'34TH STREET & 8TH AVENUE      ',13879,48423),(2334,'R014',2415,46715,'FULTON STREET                 ',19348,75475),(2404,'R015',384,31127,'FIFTH AVENUE                  ',12190,72592),(927,'R016',239,13013,'LEXINGTON AVENUE              ',5059,21113),(4688,'R017',2971,55066,'LEXINGTON AVENUE              ',20018,94655),(5750,'R018',7081,98868,'ROOSEVELT AVE/JACKSON HTS     ',54073,85611),(1573,'R019',3114,24442,'179TH STREET & HILLSIDE AVE   ',16318,29477),(6402,'R020',2470,90745,'47-50 STREETS/ROCKEFELLER     ',37978,143500),(3409,'R021',1478,65988,'42ND STREET & 6TH AVENUE      ',26695,81813),(6276,'R022',3091,110466,'34TH STREET & 6TH AVENUE      ',58910,156008),(5005,'R023',1906,75040,'34TH STREET & 6TH AVENUE      ',31531,134052),(1958,'R024',2190,21190,'SUTPHIN BOULEVARD             ',25056,45865),(1673,'R025',6133,33921,'JAMAICA CENTER-PARSONS BLVD   ',48986,57891),(2169,'R027',1218,41657,'WALL STREET                   ',11400,61326),(2859,'R028',2401,48448,'FULTON & WILLIAM STREETS      ',17217,59558),(4311,'R029',5360,65362,'PARK PLACE                    ',25404,121614),(1975,'R030',8636,30523,'CHAMBERS STREET               ',12832,44942),(3990,'R031',1647,38671,'34TH STREET & 7TH AVENUE      ',24284,95076),(3130,'R032',903,66428,'42ND STREET/TIMES SQUARE      ',23985,83048),(5945,'R033',4208,78644,'42ND STREET/TIMES SQUARE      ',58931,159382),(1118,'R034',2004,14767,'125TH STREET & BROADWAY       ',8959,16539),(3367,'R035',8050,41931,'168TH STREET & BROADWAY       ',25041,54300),(976,'R036',3129,8358,'DYCKMAN STREET                ',10652,13724),(572,'R037',1954,6617,'207TH STREET                  ',10507,9097),(309,'R038',559,3050,'215TH STREET                  ',2079,3769),(599,'R039',2160,6664,'225TH STREET                  ',7916,11336),(1156,'R040',2145,11576,'231ST STREET                  ',10495,16094),(2207,'R041',4656,35513,'BOWLING GREEN & BATTERY PL    ',15611,47925),(272,'R042',523,4687,'BOWLING GREEN & BROADWAY      ',5054,8997),(2086,'R043',1887,42879,'WALL STREET                   ',13250,54116),(3785,'R044',5538,47465,'BROOKLYN BRIDGE               ',20622,68391),(3316,'R045',553,28178,'42ND STREET & GRAND CENTRAL   ',9343,88979),(7908,'R046',1634,96613,'42ND STREET & GRAND CENTRAL   ',40759,207758),(4273,'R047',1051,68216,'42ND STREET & GRAND CENTRAL   ',22808,100742),(1028,'R048',215,19170,'42ND STREET & 3RD AVENUE      ',5125,30668),(2810,'R049',597,37219,'51ST STREET & LEXINGTON AVE   ',16312,57142),(3443,'R050',1060,43855,'59TH STREET & LEXINGTON AVE   ',18015,58201),(4750,'R051',4130,66580,'59TH STREET & LEXINGTON AVE   ',34856,85939),(594,'R052',838,5506,'WOODLAWN ROAD                 ',8155,9263),(1604,'R053',8113,20873,'149TH STREET & 3RD AVENUE     ',40409,35119),(1241,'R054',344,20782,'FIFTH AVENUE & 42ND STREET    ',7998,28404),(6692,'R055',9349,96072,'MAIN STREET                   ',40462,86525),(1437,'R056',3154,14080,'NEVINS STREET                 ',12069,21497),(4204,'R057',12889,68119,'BARCLAYS CENTER               ',39113,93804),(512,'R058',761,9578,'BERGEN STREET                 ',2988,8579),(1825,'R059',2135,18540,'GRAND ARMY PLAZA              ',5550,17148),(939,'R060',1901,10993,'EASTERN PARKWAY               ',4356,10431),(469,'R061',2098,6339,'NOSTRAND AVENUE               ',5890,7837),(2042,'R062',7685,30823,'UTICA AVENUE                  ',38586,45374),(631,'R063',3573,6822,'SUTTER AVENUE                 ',11966,15481),(451,'R064',2765,4950,'SARATOGA AVENUE               ',8072,12304),(556,'R065',3597,4125,'ROCKAWAY AVENUE               ',7903,11144),(251,'R066',1457,1857,'JUNIUS STREET                 ',3859,4101),(468,'R067',3486,4356,'PENNSYLVANIA AVENUE           ',8303,10115),(290,'R068',1570,2830,'VAN SICLEN AVENUE             ',5018,6480),(480,'R069',2653,5064,'NEW LOTS AVENUE               ',9972,11289),(1142,'R070',2077,6326,'ST GEORGE TERMINAL            ',2998,25351),(2028,'R079',533,28080,'FIFTH AVENUE & 60TH STREET    ',13996,44440),(3776,'R080',1475,52222,'57TH STREET & 7TH AVENUE      ',22034,63455),(2386,'R081',1726,45316,'49TH STREET & 7TH AVENUE      ',21379,58463),(994,'R082',320,23568,'28TH STREET & BROADWAY        ',9880,25461),(1830,'R083',1147,41130,'23RD STREET & 5TH AVENUE      ',15418,47755),(9484,'R084',11800,113966,'59TH STREET/COLUMBUS CIRCLE   ',53397,155262),(1878,'R085',1075,32573,'8TH STREET & BROADWAY         ',11705,37808),(937,'R086',773,28987,'PRINCE STREET & BROADWAY      ',13791,36366),(367,'R087',193,4711,'CITY HALL                     ',1655,6573),(150,'R088',87,3000,'CORTLANDT STREET              ',2963,7754),(230,'R089',468,2691,'JAY ST-METROTECH              ',1017,3841),(306,'R090',374,4424,'39TH AVENUE & 31ST STREET     ',4295,6632),(651,'R091',1641,16538,'36TH AVENUE & 31ST STREET     ',7302,15132),(1385,'R092',3346,32921,'BROADWAY & 31ST STREET        ',10377,25162),(1302,'R093',2035,34551,'30TH AVENUE & 31ST STREET     ',12547,28756),(828,'R094',1403,25477,'ASTORIA BLVD & 31ST STREET    ',9748,22992),(1432,'R095',3463,37449,'DITMARS BLVD & 31ST STREET    ',11982,33933),(2450,'R096',4126,21125,'82ND STREET-JACKSON HEIGHTS   ',21659,33439),(1238,'R097',5443,19726,'JUNCTION BLVD-ROOSEVELT AVE   ',33367,52017),(1434,'R098',5311,21226,'CHURCH AVENUE                 ',19142,26863),(1475,'R099',9644,26757,'DEKALB AVENUE                 ',11650,27223),(280,'R100',1267,4190,'METROPOLITAN AVENUE           ',3294,7321),(1483,'R101',5713,38777,'145TH STREET                  ',32301,35767),(2395,'R102',6844,41004,'125TH STREET                  ',36885,46146),(583,'R103',2671,7238,'BROADWAY-EAST NEW YORK        ',12866,14368),(738,'R104',3170,9891,'167TH ST-GRAND CONCOURSE      ',18146,18701),(4293,'R105',2451,42946,'14TH STREET & 7TH AVENUE      ',20238,52419),(513,'R107',3513,6341,'WESTCHESTER SQUARE            ',7138,10727),(5446,'R108',6632,57890,'BOROUGH HALL - COURT STREET   ',26281,74398),(1116,'R109',3824,10437,'CHURCH AVENUE & NOSTRAND AV   ',13504,20471),(1667,'R110',4353,23073,'FLATBUSH AVE & NOSTRAND AV    ',23187,31196),(3619,'R111',5332,44371,'23RD STREET & 8TH AVENUE      ',19657,53252),(921,'R112',3342,11078,'FORDHAM RD/GRAND CONCOURSE    ',19639,23700),(1251,'R113',737,21415,'SEVENTH AVENUE & WEST 53RD    ',11593,41970),(597,'R114',2778,8303,'PARSONS BLVD & HILLSIDE AV    ',6754,11022),(786,'R115',3537,12349,'169TH STREET & HILLSIDE AVE   ',7559,17228),(2869,'R116',3183,38166,'50TH STREET & 7TH AVENUE      ',18458,65304),(475,'R117',681,6711,'242ND STREET & BROADWAY       ',6152,10902),(2699,'R118',1605,27018,'CANAL STREET                  ',4961,19598),(806,'R119',3577,9862,'FORDHAM ROAD & JEROME AVE     ',20083,21820),(424,'R120',2584,5287,'MORRISON AVE & WESTCHESTER    ',11422,12529),(587,'R121',3641,16754,'QUEENSBORO PLAZA              ',10903,19195),(1746,'R122',4769,22715,'90TH STREET/ELMHURST AVENUE   ',24906,39464),(1095,'R123',4241,27235,'FRANKLIN AVE/EASTERN PKWY     ',14126,24786),(821,'R124',1956,6383,'KINGSTON AVE/EASTERN PKWY     ',5858,12657),(397,'R125',1782,7881,'BROAD STREET & WALL STREET    ',3062,10872),(1661,'R126',2391,17866,'175TH STREET/FT WASHINGTON    ',12450,32661),(3183,'R127',8353,49191,'JAY ST-METROTECH              ',28591,65846),(555,'R128',1067,6650,'SUTPHIN BLVD-HILLSIDE AVE     ',4971,10081),(1088,'R129',3660,24808,'BERGEN STREET-SMITH STREET    ',8259,25442),(649,'R130',1062,5457,'KINGS HIGHWAY-MCDONALD AVE    ',3251,7437),(3436,'R131',4098,46514,'23RD STREET-PARK AVE SOUTH    ',17988,64880),(2814,'R132',5709,33287,'125TH STREET-LEXINGTON AVE    ',38764,50620),(951,'R133',5036,8986,'MOSHOLU PARKWAY-JEROME AVE    ',11139,17210),(464,'R134',123,5538,'HUNTERS PT AVE-49TH AVE       ',4929,13535),(877,'R135',3228,8497,'NEWKIRK AVE-NOSTRAND AVE      ',10881,16342),(2264,'R136',3102,18695,'SHEEPSHEAD BAY ROAD           ',7777,26478),(1092,'R137',5835,28324,'MYRTLE AVE-GATES AVENUE       ',25040,36837),(4677,'R138',2727,74458,'WEST 4TH ST-WASHINGTON SQ     ',31628,93562),(1431,'R139',1584,30658,'CANAL STREET-LISPENARD ST     ',12486,44703),(780,'R140',3657,12873,'QUEENS PLAZA-JACKSON AVE      ',7776,16099),(4956,'R141',4432,43506,'71ST AVE-CONTINENTAL AVE      ',16712,51001),(2327,'R142',10580,42710,'ESSEX ST-DELANCEY ST          ',22789,50646),(2578,'R143',1387,39047,'28TH STREET-PARK AVE SOUTH    ',18018,57354),(3570,'R144',6300,46837,'96TH STREET-LEXINGTON AVE     ',18007,52766),(423,'R145',2053,3117,'241ST ST-WHITE PLAINS RD      ',7155,11832),(620,'R146',3134,8725,'HUNTS PT AVE-SOUTHERN BLVD    ',15540,15660),(2090,'R147',3594,28833,'61ST STREET-ROOSEVELT AVE     ',16136,33647),(409,'R148',1205,8775,'PARKSIDE AVE-OCEAN AVE        ',6522,8784),(1260,'R149',2991,14676,'NEWKIRK PLAZA                 ',9654,18266),(1149,'R150',2006,11543,'AVENUE U-EAST 16TH STREET     ',4426,12194),(1393,'R151',3685,12358,'STILLWELL AVE-CONEY ISLAND    ',12306,19574),(707,'R152',3974,11708,'ROCKAWAY PKWY-GLENWOOD RD     ',16751,19479),(945,'R153',5476,17796,'UTICA AVE-STUYVESANT AVE      ',21010,23614),(659,'R154',3001,8286,'TREMONT AVE-179TH ST          ',16548,15754),(540,'R155',3425,7251,'KINGSBRIDGE RD-196TH ST       ',12700,15239),(666,'R156',3057,7678,'BEDFORD PARK BLVD-203RD ST    ',8344,11913),(669,'R157',2247,9285,'205TH ST-BAINBRIDGE AVE       ',11310,15818),(2716,'R158',2931,39976,'UNION TURNPIKE-KEW GARDENS    ',21154,36946),(2272,'R159',1029,30419,'116TH STREET-COLUMBIA         ',8756,45654),(2101,'R160',1719,33120,'ASTOR PLACE-4 AVENUE          ',13759,42575),(737,'R161',4898,8612,'KINGSBRIDGE RD-JEROME AVE     ',14637,17577),(473,'R162',3653,4679,'ELDER AVE-WESTCHESTER AVE     ',12007,13899),(2727,'R163',3126,45424,'14TH STREET-6TH AVENUE        ',19116,55722),(7235,'R164',11155,42624,'66TH STREET-BROADWAY          ',17934,56323),(58,'R165',189,271,'TOMPKINSVILLE                 ',422,1990),(4143,'R166',2045,33391,'79TH STREET-BROADWAY          ',14346,38048),(5371,'R167',4150,40570,'86TH STREET-BROADWAY          ',17328,42680),(9407,'R168',6636,78429,'96TH STREET-BROADWAY          ',35819,74765),(1427,'R169',5270,23260,'137TH STREET-BROADWAY         ',19949,23690),(11051,'R170',13978,199841,'14TH STREET-UNION SQUARE      ',89367,224603),(731,'R171',1628,17505,'7TH AVENUE-PARK PLACE         ',4038,14290),(2323,'R172',3293,14640,'BRIGHTON BEACH-CONEY ISLAND   ',8557,24277),(1100,'R173',2227,15257,'207TH STREET-BROADWAY         ',9187,15121),(1808,'R174',2325,23347,'181ST STREET-FT WASH AVE      ',9606,20764),(3907,'R175',10760,74661,'8TH AVENUE-14TH STREET        ',38272,94313),(4036,'R176',3339,53265,'33RD STREET-PARK AVENUE       ',23487,77317),(6448,'R177',5529,49805,'68TH STREET-HUNTER COLLEGE    ',21562,81662),(7075,'R178',5142,63267,'77TH STREET-LEXINGTON AVE     ',27400,90298),(10367,'R179',6038,125250,'86TH STREET-LEXINGTON AVE     ',50328,142169),(1888,'R180',7568,22625,'103RD STREET-LEXINGTON AVE    ',20152,32027),(1337,'R181',4897,18332,'110TH STREET-LEXINGTON AVE    ',15898,22698),(1506,'R182',6564,23045,'116TH STREET-LEXINGTON AVE    ',24206,27915),(362,'R183',5323,4745,'BEDFORD PARK BLVD-JEROME AV   ',6222,8677),(703,'R184',2278,9607,'CORTELYOU RD-EAST 16TH ST     ',5330,11578),(787,'R185',2243,11033,'DYCKMAN STREET-BROADWAY       ',7401,13128),(2196,'R186',2645,19993,'86TH ST-CENTRAL PARK WEST     ',7292,19732),(1832,'R187',1354,20409,'81ST STREET-MUSEUM            ',10764,29064),(2244,'R188',8337,31720,'50TH STREET-8TH AVENUE        ',17452,48365),(1961,'R189',561,17444,'CHRISTOPHER ST-SHERIDAN SQ    ',8554,26806),(2597,'R190',3306,26534,'23RD STREET-7TH AVENUE        ',12704,32205),(3931,'R191',3321,26458,'103RD STREET-BROADWAY         ',13385,27740),(3129,'R192',3061,27102,'110TH STREET-BROADWAY         ',11732,31704),(1449,'R193',3291,18833,'157TH STREET-BROADWAY         ',17305,19389),(1290,'R194',849,26927,'BLEECKER ST-LAFAYETTE ST      ',12645,32801),(2027,'R195',8304,23248,'161ST STREET-YANKEE STADIUM   ',34869,40580),(733,'R196',2491,14637,'PROSPECT PARK-EMPIRE BLVD     ',9084,14348),(1134,'R197',3778,19429,'36TH STREET-4TH AVENUE        ',12498,25510),(1253,'R198',4170,26185,'NOSTRAND AVE-FULTON ST        ',23206,29651),(496,'R199',3338,8426,'KINGSTON AVE-THROOP AVE       ',7891,10993),(846,'R200',5977,9191,'EUCLID AVE-PITKIN AVE         ',13507,19896),(2593,'R201',6204,31007,'WOODHAVEN BLVD-QUEENS BLVD    ',19804,42759),(4089,'R202',2067,29456,'63RD DRIVE-REGO PARK          ',11370,35600),(1345,'R203',730,25142,'23RD STREET-6TH AVENUE        ',10198,32909),(1349,'R204',3155,19084,'CHURCH AVE-MCDONALD AVE       ',9237,18480),(794,'R205',8244,12367,'149TH ST-GRAND CONCOURSE      ',17547,20971),(1653,'R206',4036,21498,'125TH STREET-LENOX AVENUE     ',22240,24833),(1925,'R207',5396,22209,'135TH STREET-LENOX AVENUE     ',20862,26271),(1042,'R208',5060,16679,'103RD ST-ROOSEVELT AVE        ',34164,46885),(853,'R209',1999,8288,'STERLING ST-NOSTRAND AVE      ',7758,12477),(473,'R210',2100,4553,'BEVERLY RD-NOSTRAND AVE       ',6136,10112),(2965,'R211',4465,24663,'KINGS HIGHWAY-EAST 16TH ST    ',11850,32624),(1301,'R212',4696,19781,'59TH STREET-4TH AVENUE        ',13387,28193),(1006,'R213',3463,13678,'BAY RIDGE AVE-4TH AVENUE      ',6573,17533),(859,'R214',1043,8958,'77TH STREET-4TH AVENUE        ',3286,13468),(1047,'R215',3747,16438,'86TH STREET-4TH AVENUE        ',10215,19514),(1057,'R216',937,9415,'BAY RIDGE - 95TH STREET       ',3784,14633),(912,'R217',1757,13443,'HOYT ST-SCHERMERHORN ST       ',10296,19020),(2051,'R218',3491,31338,'ELMHURST AVE-BROADWAY         ',11422,25641),(2365,'R219',4340,16870,'67TH AVENUE-QUEENS BLVD       ',4246,19800),(1122,'R220',3165,24412,'CARROLL ST-PRESIDENT ST       ',7188,26114),(546,'R221',3817,8471,'167TH STREET-RIVER AVENUE     ',17031,16808),(1717,'R222',6244,24244,'177TH STREET-PARKCHESTER      ',24965,35280),(1648,'R223',3045,28201,'46TH ST-BLISS ST              ',17004,29476),(1517,'R224',456,13593,'CLARK STREET-HENRY STREET     ',3550,12560),(512,'R225',2151,5598,'HOYT STREET-HOYT STREET       ',5572,8304),(536,'R226',2117,4631,'GUN HILL ROAD-SEYMOUR         ',6853,11620),(312,'R227',219,4209,'RECTOR STREET-CHURCH STREET   ',1382,5300),(916,'R228',1435,7922,'AVENUE J-EAST 16TH STREET     ',5324,9796),(1003,'R229',6933,7000,'AVENUE M-EAST 16TH STREET     ',3715,10853),(958,'R230',1258,7233,'NECK ROAD-EAST 16TH STREET    ',1780,8693),(658,'R231',1056,14544,'UNION STREET-4TH AVENUE       ',5285,15679),(863,'R232',2783,9400,'45TH STREET-4TH AVENUE        ',8506,17591),(785,'R233',2636,9965,'53RD STREET-4TH AVENUE        ',8209,18364),(656,'R234',833,4128,'50TH STREET-NEW UTRECHT AVE   ',2591,8292),(881,'R235',3656,61610,'BEDFORD AVE-NORTH 7TH ST      ',23818,64778),(786,'R236',2974,20757,'DEKALB AVE-WYCKOFF AVE        ',14865,23978),(446,'R237',2102,3831,'182ND STREET-183RD STREET     ',8667,11097),(1282,'R238',3769,28356,'STEINWAY ST-BROADWAY          ',13522,28705),(1056,'R239',1105,17041,'GREENPOINT AVE                ',7699,20277),(8008,'R240',5946,58284,'GRAND ST-CHRISTIE ST          ',10604,44438),(719,'R241',1725,14053,'15TH ST-PROSPECT PARK WEST    ',3812,13004),(563,'R242',1420,5626,'18TH AVE-MCDONALD AVE         ',4211,9172),(675,'R243',3791,7295,'170TH STREET-JEROME AVENUE    ',16761,16773),(815,'R244',4016,8317,'BURNSIDE AVE-JEROME AVE       ',17977,19612),(398,'R245',1845,3207,'ST LAWRENCE AVE-WEST AVE      ',6873,9412),(342,'R246',905,10564,'PROSPECT AVENUE-4TH AVENUE    ',3717,10239),(440,'R247',456,2365,'55TH ST-NEW UTRECHT AVE       ',1880,5508),(2618,'R248',7859,46819,'1ST AVENUE-14TH STREET        ',19314,59876),(463,'R249',1563,24799,'GRAHAM AVE-METROPOLITAN AVE   ',9136,20564),(487,'R250',6870,11972,'GRAND ST-BUSHWICK AVE         ',7611,12054),(2054,'R251',1618,17454,'96TH ST-CENTRAL PARK WEST     ',6703,15115),(886,'R252',834,12759,'HIGH ST-CADMAN PLAZA WEST     ',4725,14137),(545,'R253',1842,5247,'174TH-175TH ST-GRAND CONCOU   ',8824,10548),(1868,'R254',4417,36911,'GRAND AVE-QUEENS BOULEVARD    ',16277,28875),(631,'R255',2258,7468,'VAN WYCK BLVD-MAIN STREET     ',3083,9772),(821,'R256',1791,18236,'NASSAU AVE-MANHATTAN AVE      ',7366,20208),(2486,'R257',4656,24541,'EAST BROADWAY-MADISON ST      ',9964,28132),(1181,'R258',3090,25986,'4TH AVENUE-9TH STREET         ',10839,26758),(1328,'R259',1239,13227,'ROOSEVELT ISLAND              ',3800,8320),(1268,'R260',3212,12585,'181ST STREET-ST NICHOLAS AV   ',18929,20629),(1357,'R261',4700,20952,'40TH STREET-LOWERY STREET     ',9775,21454),(277,'R262',1217,4134,'BEVERLEY ROAD -EAST 15TH ST   ',2768,5715),(447,'R263',1175,3883,'AVENUE H-EAST 16TH STREET     ',2323,5200),(960,'R264',2546,3606,'OCEAN PKWAY-BRIGHTON BCH AV   ',1588,6775),(443,'R265',2197,14604,'MONTROSE AVENUE               ',7905,13972),(507,'R266',2333,11302,'HALSEY STREET-WYCKOFF AVE     ',9833,16513),(1006,'R267',3317,17508,'46TH STREET-BROADWAY          ',7661,19310),(531,'R268',2360,34947,'METROPOLITAN AVE-LORIMER ST   ',13768,31725),(378,'R269',1705,14841,'BEDFORD AVENUE-NOSTRAND AVE   ',9232,14950),(318,'R270',1197,6128,'SMITH STREET-9TH STREET       ',5419,8638),(461,'R271',805,3980,'AVENUE X-MCDONALD AVENUE      ',1960,5940),(2042,'R272',748,26131,'28TH STREET-7TH AVENUE        ',12580,33115),(1026,'R273',2518,18504,'145TH STREET-BROADWAY         ',16654,17336),(1379,'R274',5858,11618,'191ST STREET-ST NICHOLAS AV   ',12215,17130),(467,'R275',3143,4870,'183RD STREET-JEROME AVENUE    ',10902,13465),(974,'R276',1515,28937,'JACKSON AVENUE-VERNON BLVD    ',8365,26933),(400,'R277',2640,5811,'PRESIDENT ST-NOSTRAND AVE     ',4367,7317),(219,'R278',556,5398,'25TH STREET-4TH AVENUE        ',3398,6477),(294,'R279',1270,13682,'JEFFERSON STREET-WYCKOFF AV   ',8968,14922),(861,'R280',1417,9548,'190TH STREET-OVERLOOK TERR    ',3911,7789),(1735,'R281',814,14294,'72ND STREET-CENTRAL PK WEST   ',6449,18600),(1088,'R282',2086,21416,'SPRING STREET-6TH AVENUE      ',8528,28301),(371,'R283',2365,9123,'LAFAYETTE AVENUE-FULTON ST    ',5390,10538),(466,'R284',1396,15116,'CLINTON AVENUE-FULTON ST      ',5657,13658),(514,'R285',1491,2526,'MOTT AVENUE-BEACH 22ND ST     ',4843,9733),(275,'R286',1557,8928,'MYRTLE AVENUE-MARCY AVENUE    ',7009,10503),(164,'R287',1263,8678,'CLASSON AVENUE-LAFAYETTE AV   ',4718,10404),(1645,'R288',4398,26257,'7TH AVENUE-9TH STREET         ',6250,26190),(800,'R289',1838,12169,'FT HAMILTON PKY-GREENWOOD     ',3136,11268),(2016,'R290',1538,25984,'HOUSTON STREET-VARICK ST      ',9655,34844),(926,'R291',10342,16214,'33RD STREET-QUEENS BLVD       ',10167,24751),(304,'R292',3556,2854,'BAYCHESTER AVE-TILLOTSON      ',4324,8183),(6155,'R293',3081,54376,'34TH STREET - PENN STATION    ',30645,168768),(214,'R294',1171,15733,'MORGAN AVENUE-HARRISON PL     ',8580,15738),(208,'R295',1661,5409,'WILSON AVENUE-MOFFAT STREET   ',6991,8164),(496,'R296',1654,6116,'163RD ST & AMSTERDAM AVE      ',6436,7978),(435,'R297',1926,10831,'FRANKLIN AVENUE-FULTON ST     ',8543,11860),(849,'R298',1309,11741,'NORTHERN BLVD-BROADWAY        ',6844,12488),(319,'R299',1489,6059,'BROADWAY - UNION AVENUE       ',4547,6620),(1830,'R300',2886,35390,'2ND AVENUE-HOUSTON STREET     ',16444,43464),(456,'R301',1069,17298,'YORK STREET-JAY STREET        ',6439,18457),(1550,'R302',453,21884,'57TH STREET-6TH AVENUE        ',9717,33627),(971,'R303',1405,10165,'21ST STREET-QUEENSBRIDGE      ',10311,12702),(878,'R304',1406,15021,'RECTOR STREET-GREENWICH ST    ',6098,23595),(429,'R306',840,5085,'238TH STREET-BROADWAY         ',3430,8884),(176,'R307',714,3083,'138TH ST-GRAND CONCOURSE      ',4021,7346),(484,'R308',2494,4832,'MT EDEN AVENUE-JEROME AVE     ',9073,11475),(358,'R309',3184,4726,'176TH STREET-JEROME AVENUE    ',10268,10855),(683,'R310',3183,10989,'111TH STREET-ROOSEVELT AVE    ',18032,28131),(328,'R311',526,4253,'BOWERY STREET-DELANCEY ST     ',1877,3896),(628,'R312',388,2170,'WEST 6TH STREET-SURF AVENUE   ',1080,4516),(151,'R313',681,2186,'BUSHWICK AVENUE-ABERDEEN ST   ',2570,2937),(723,'R314',1254,8584,'103RD ST-CENTRAL PARK WEST    ',4916,8728),(540,'R315',2122,3701,'155TH STREET-8TH AVENUE       ',6775,8077),(221,'R316',846,3191,'FLUSHING AVENUE-MARCY AVE     ',3214,5792),(470,'R317',1276,10425,'LAFAYETTE AV-WASHINGTON AV    ',3872,13541),(270,'R318',5390,9546,'FULTON STREET-LAFAYETTE AV    ',4193,8056),(1474,'R319',963,20531,'63RD STREET-LEXINGTON AVE     ',7630,26271),(481,'R320',911,9643,'CANAL STREET-VARICK STREET    ',4224,14618),(1419,'R321',1951,14958,'18TH STREET-7TH AVENUE        ',6270,20772),(1182,'R322',840,21880,'SPRING STREET-LAFAYETTE ST    ',11186,31560),(912,'R323',3732,15444,'111TH STREET-LENOX AVENUE     ',11513,15650),(1227,'R324',3980,18818,'116TH STREET-LENOX AVENUE     ',16273,19498),(118,'R325',1021,1260,'WHITLOCK AVE-WESTCHESTER AV   ',2806,3368),(419,'R326',2015,3793,'ZEREGA AVE-WESTCHESTER AVE    ',4548,9647),(1025,'R327',1217,13588,'52ND STREET-ROOSEVELT AVE     ',7500,13506),(127,'R328',257,1765,'WILLETS PT BLVD-ROOSEVELT     ',1297,4484),(166,'R329',689,2327,'MORRIS PARK-PAULDING AVENUE   ',1287,5836),(645,'R330',1221,16240,'3RD AVENUE-14TH STREET        ',6440,16290),(271,'R331',926,4156,'155TH STREET-ST NICHOLAS AV   ',3677,4484),(483,'R332',3748,8204,'135TH STREET-ST NICHOLAS AV   ',5686,8023),(490,'R333',2301,12945,'116TH STREET-8TH AVENUE       ',8465,11040),(846,'R334',1912,13985,'110TH STREET-8TH AVENUE       ',7123,12065),(166,'R335',947,1399,'GASTON AVENUE-BEACH 67TH ST   ',1967,4496),(245,'R336',1432,1616,'STRAITON AVE-BEACH 60TH ST    ',2994,4805),(51,'R337',274,325,'FRANK AVENUE-BEACH 44TH ST    ',547,1111),(114,'R338',421,472,'EDGEMERE-BEACH 36TH STREET    ',862,1727),(481,'R339',1045,4896,'36TH STREET-NORTHERN BLVD     ',4162,7842),(490,'R340',815,6642,'65TH STREET-BROADWAY          ',3255,6943),(1079,'R341',436,7591,'75TH AVENUE-QUEENS BLVD       ',1827,8259),(553,'R342',1083,5191,'VAN WYCK BLVD-METROPOLITAN    ',5071,12620),(751,'R343',474,9429,'FRANKLIN STREET-WEST BWAY     ',3562,15174),(502,'R344',1458,4724,'145TH STREET-LENOX AVENUE     ',5475,6310),(484,'R345',2952,5341,'148TH STREET-LENOX AVENUE     ',5124,6414),(371,'R346',981,6060,'COURT SQ                      ',4346,7567),(517,'R347',1320,8498,'69TH STREET-ROOSEVELT AVE     ',7025,10343),(67,'R348',969,1083,'ATLANTIC AV-VAN SINDEREN AV   ',2444,2940),(399,'R349',3295,2468,'SUTTER AVE-VAN SINDEREN AVE   ',6939,9151),(268,'R350',2302,2051,'LIVONIA AVE-VAN SINDEREN AV   ',4819,5265),(275,'R352',750,4394,'HEWES STREET-BROADWAY         ',3340,6572),(765,'R353',1978,9701,'LORIMER STREET-BROADWAY       ',4204,8113),(147,'R354',470,1638,'104TH STREET-LIBERTY AVENUE   ',1379,4417),(226,'R355',486,2655,'109TH STREET-LIBERTY AVENUE   ',2025,6033),(542,'R356',1277,7022,'LEFFERTS BLVD-LIBERTY AVE     ',7396,15301),(214,'R357',154,632,'NORTH CONDUIT AVE-COHANCEY    ',763,3106),(149,'R358',1495,888,'BEACH 25TH STREET-WAVECREST   ',1383,3516),(1442,'R359',3158,26275,'COURT SQ-23 ST                ',10701,31908),(100,'R360',56,2725,'21ST STREET-JACKSON AVENUE    ',2046,3207),(868,'R361',3491,9308,'PELHAM PKWY-WHITE PLAINS RD   ',12896,16420),(576,'R362',2064,4399,'ALLERTON AV-WHITE PLAINS RD   ',8122,11982),(407,'R363',1850,2789,'BURKE AVE-WHITE PLAINS ROAD   ',5300,8087),(606,'R364',5302,5341,'GUNHILL RD-WHITE PLAINS RD    ',10844,11456),(329,'R365',2101,2580,'219TH ST-WHITE PLAINS ROAD    ',4834,7973),(382,'R366',3771,2885,'225TH ST-WHITE PLAINS ROAD    ',6468,9783),(559,'R367',2306,4436,'233RD ST-WHITE PLAINS ROAD    ',7989,11152),(489,'R368',2264,11037,'9TH AVENUE-39TH STREET        ',5159,12865),(639,'R369',2036,5949,'FORT HAMILTON PKWY-45TH ST    ',3497,9842),(649,'R370',1200,10148,'71ST STREET-NEW UTRECHT AVE   ',2774,10202),(783,'R371',4848,12745,'79TH STREET-17TH AVENUE       ',3221,12195),(916,'R372',1522,12469,'18TH AVENUE-86TH STREET       ',3791,12713),(790,'R373',1464,9217,'20TH AVENUE-86TH STREET       ',3022,11326),(1185,'R374',1931,15779,'BAY PARKWAY-86TH STREET       ',4550,13577),(284,'R375',2304,3450,'NEW LOTS AV-VAN SINDEREN AV   ',7611,7617),(390,'R376',1499,2924,'EAST 105TH ST-FARRAGUT ROAD   ',4617,8379),(1072,'R377',2417,8796,'FLUSHING AVE-BROADWAY         ',11685,19304),(708,'R378',2521,15791,'MYRTLE AVENUE-BROADWAY        ',14709,20883),(257,'R379',1729,6164,'KOSCIUSZKO STREET-BROADWAY    ',6418,8919),(434,'R380',2402,7176,'GATES AVENUE-BROADWAY         ',8848,12265),(390,'R381',1840,7486,'HALSEY STREET-BROADWAY        ',9384,11731),(570,'R382',2642,6309,'GRANT AVENUE-PITKIN AVENUE    ',7215,14573),(364,'R383',1444,5270,'HUDSON STREET-78TH STREET     ',3549,10230),(271,'R384',707,2861,'BOYD STREET-88TH STREET       ',2090,6882),(411,'R385',2440,7809,'ROCKAWAY BLVD-LIBERTY AVE     ',7505,13599),(538,'R386',3576,5605,'174TH STREET-SOUTHERN BLVD    ',12623,12027),(431,'R387',3197,6007,'EAST TREMONT AVENUE-178 ST    ',13029,11507),(343,'R388',2699,5915,'EAST 180TH ST-MORRIS PARK     ',9777,11755),(228,'R389',1369,2823,'BRONX PARK EAST               ',3855,5738),(2350,'R390',3870,25119,'8TH AVENUE-62ND STREET        ',3171,23133),(650,'R391',3280,13609,'FORT HAMILTON PARKWAY-62ND    ',3030,14724),(676,'R392',1718,9939,'18TH AVENUE-62ND STREET       ',2736,9122),(425,'R393',4758,7647,'20TH AVENUE-62ND STREET       ',1572,6723),(1082,'R394',2091,14250,'BAY PARKWAY-66TH STREET       ',3926,11926),(810,'R395',1628,10047,'KINGS HIGHWAY-WEST 7TH ST     ',2772,8976),(400,'R396',1656,7411,'AVENUE U-WEST 7TH STREET      ',1908,5323),(434,'R397',1106,3635,'86TH STREET-AVENUE V          ',2128,3935),(833,'R398',1855,10547,'NEW UTRECHT AVENUE-62ND ST    ',3986,11748),(688,'R399',3243,10692,'25TH AVENUE-86TH STREET       ',2302,9153),(501,'R400',2670,4670,'BAY 50TH STREET-STILLWELL     ',1685,5495),(186,'R401',958,4517,'CENTRAL AVE-MYRTLE AVE        ',3493,5706),(261,'R402',690,3411,'SENECA AVENUE-PALMETTO ST     ',2407,5558),(353,'R403',1157,6240,'FOREST AVENUE-PUTNAM AVENUE   ',3103,9354),(551,'R404',1150,7894,'FRESH POND ROAD-68TH AVENUE   ',4053,12972),(484,'R405',3803,4268,'JACKSON AVENUE-WESTCHESTER    ',9395,11450),(667,'R406',4293,5915,'PROSPECT AVENUE-WESTCHESTER   ',12932,14283),(255,'R407',2289,2813,'INTERVALE 163RD STREET        ',5856,6323),(591,'R408',3290,7427,'SIMPSON ST-WESTCHESTER AVE    ',16918,14578),(386,'R409',2407,4213,'FREEMAN ST-SOUTHERN BLVD      ',7842,9837),(253,'R411',910,3397,'PARK PLACE-FRANKLIN AVENUE    ',2339,3912),(193,'R412',3713,2035,'BOTANIC GARDEN-FRANKLIN AVE   ',1514,2482),(296,'R413',1510,4563,'KNICKERBOCKER AVE-MYRTLE AV   ',4181,7838),(184,'R414',165,2142,'HOWARD BEACH-159TH AVE        ',1800,5627),(31,'R415',40,113,'BROAD CHANNEL-NOEL ROAD       ',89,627),(98,'R416',252,559,'HOLLAND-BEACH 90TH STREET     ',624,1505),(35,'R417',738,262,'PLAYLAND-BEACH 98TH STREET    ',270,737),(35,'R418',358,136,'SEASIDE BEACH-105TH STREET    ',74,390),(106,'R419',178,415,'ROCKAWAY PARK-BEACH 116TH     ',466,1116),(690,'R420',2493,6659,'DITMAS AVE-MCDONALD AVE       ',3965,10874),(464,'R421',1406,2715,'AVENUE I-MCDONALD AVENUE      ',1881,4458),(82,'R422',254,2613,'MCDONALD AVE-22ND AVE         ',1420,1248),(478,'R423',1032,4958,'AVENUE N-MCDONALD AVENUE      ',2659,7504),(479,'R424',756,4434,'AVENUE P-MCDONALD AVENUE      ',1914,6748),(301,'R425',705,3449,'AVENUE U-MCDONALD AVENUE      ',1882,4691),(741,'R426',1339,1999,'NEPTUNE AVE-MCDONALD AVENUE   ',820,3795),(456,'R428',1055,4303,'BUHRE AVE-WESTCHESTER AVE     ',3480,10614),(392,'R429',1080,7045,'PELHAM BAY PARK-BRUCKNER BL   ',6385,7303),(365,'R430',2052,2817,'PELHAM PKWY-ESPLANADE         ',2321,6884),(294,'R431',1484,3581,'DYRE AVENUE-LIGHT STREET      ',5232,9326),(213,'R432',1196,3234,'CHAUNCEY STREET-ROCKAWAY AV   ',4750,5843),(102,'R433',612,1804,'ALABAMA AVENUE-FULTON ST      ',4444,2871),(248,'R434',1407,2285,'VAN SICLEN AVENUE-FULTON ST   ',4412,6602),(288,'R435',1840,2448,'CLEVELAND STREET-FULTON ST    ',5153,7866),(268,'R436',2115,2440,'NORWOOD AVENUE-FULTON ST      ',5129,8538),(564,'R437',2394,4392,'CRESCENT STREET-FULTON ST     ',6468,10936),(494,'R438',2885,5293,'RALPH AVENUE-FULTON STREET    ',8666,11066),(406,'R439',3371,5145,'ROCKAWAY AVE-HOPKINSON AVE    ',7554,9825),(261,'R440',1501,2021,'LIBERTY AVE-PENNSYLVANIA AV   ',3582,4548),(275,'R441',1837,2172,'VAN SICLEN AVE-PITKIN AVE     ',4478,6300),(293,'R442',2038,2471,'SHEPHERD AVE-PITKIN AVE       ',4411,7026),(568,'R443',3560,6267,'170TH STREET-GRAND CONC.      ',12778,12056),(348,'R444',1633,2616,'238TH ST-WHITE PLAINS ROAD    ',4399,6905),(634,'R445',2730,7397,'138TH STREET-3RD AVE          ',13408,14549),(579,'R446',2728,5025,'BROOK AVENUE-138TH STREET     ',11403,13509),(310,'R447',1685,3078,'CYPRESS AVENUE-138TH STREET   ',7496,8242),(52,'R448',506,851,'EAST 143RD ST-SOUTHERN BLVD   ',1236,1871),(444,'R449',2199,3809,'EAST 149TH ST-SOUTHERN BLVD   ',8171,8741),(306,'R450',2007,2716,'LONGWOOD AVE-SOUTHERN BLVD    ',5811,6918),(846,'R451',3227,10309,'WINTHROP ST-NOSTRAND AVE      ',7985,15377),(8912,'R452',6502,83566,'72ND STREET & BROADWAY        ',32805,90495),(1183,'R453',1017,25385,'23RD STREET-6TH AVENUE        ',8945,24730),(142,'R454',900,1428,'PROSPECT AVE-4TH AVE          ',991,2398),(125,'R455',442,1077,'25TH STREET-4TH AVENUE        ',1149,2203),(242,'R456',209,3975,'HOYT STREET-FULTON STREET     ',2411,4574),(1093,'R460',2212,17238,'MARCY AVENUE-BROADWAY         ',12112,24900),(1780,'R461',2373,48374,'BROADWAY LAFAYETTE-BLEECKER   ',22524,55275),(981,'R462',733,19740,'CANAL STREET-BROADWAY         ',9469,25590),(4823,'R463',1883,40635,'CANAL ST-LAFAYETTE ST EAST    ',14251,45061),(1475,'R464',37,1596,'AQUEDUCT RACE TRACK           ',1657,4014),(424,'R468',331,9677,'RI TRAMWAY (MANHATTAN)        ',2542,3757),(634,'R469',704,8096,'RI TRAMWAY (ROOSEVELT)        ',2169,5254),(30,'R535',0,0,'AIRTRAIN @ HOWARD BEACH       ',0,5634),(43,'R536',0,0,'AIRTRAIN JAMAICA CENTER 1     ',0,10491),(0,'R540',0,0,'PA-PATH WORLD TRADE CNTR      ',0,67752),(0,'R541',0,0,'PA-PATH THIRTY THIRD ST       ',0,65043),(0,'R542',0,0,'PA-PATH TWENTY THIRD ST       ',0,13651),(0,'R543',0,0,'PA-PATH EXCHANGE PLACE        ',0,21245),(0,'R544',0,0,'PA-PATH HARRISON              ',0,10030),(0,'R545',0,0,'PA-PATH 14TH STREET           ',0,19457),(0,'R546',0,0,'PA-PATH PAVONIA/NEWPORT       ',0,23734),(0,'R547',0,0,'PA-PATH 9TH STREET            ',0,9747),(0,'R548',0,0,'PA-PATH CHRISTOPHER ST        ',0,9231),(0,'R549',0,0,'PA-PATH NEWARK                ',0,44240),(0,'R550',0,0,'PA-PATH HOBOKEN               ',0,52602),(0,'R551',0,0,'PA-PATH GROVE ST              ',0,26607),(0,'R552',0,0,'PA-PATH JOURNAL SQUARE        ',0,38757);
/*!40000 ALTER TABLE `fares_feb1` ENABLE KEYS */;
UNLOCK TABLES;

--
-- Table structure for table `fares_jan18`
--

DROP TABLE IF EXISTS `fares_jan18`;
/*!40101 SET @saved_cs_client     = @@character_set_client */;
/*!40101 SET character_set_client = utf8 */;
CREATE TABLE `fares_jan18` (
  `sendis` int(11) DEFAULT NULL,
  `remote` varchar(10) DEFAULT NULL,
  `students` int(11) DEFAULT NULL,
  `30d` int(11) DEFAULT NULL,
  `station` varchar(100) DEFAULT NULL,
  `7d` int(11) DEFAULT NULL,
  `ff` int(11) DEFAULT NULL
) ENGINE=InnoDB DEFAULT CHARSET=latin1;
/*!40101 SET character_set_client = @saved_cs_client */;

--
-- Dumping data for table `fares_jan18`
--

LOCK TABLES `fares_jan18` WRITE;
/*!40000 ALTER TABLE `fares_jan18` DISABLE KEYS */;
INSERT INTO `fares_jan18` VALUES (1284,'R001',1511,18286,'WHITEHALL STREET              ',14524,39050),(180,'R003',836,1119,'CYPRESS HILLS                 ',1951,3337),(408,'R004',4157,3645,'75TH STREET & ELDERTS LANE    ',4347,8496),(518,'R005',1911,4402,'85TH STREET & FOREST PKWAY    ',4109,9750),(469,'R006',1904,5144,'WOODHAVEN BOULEVARD           ',5783,9207),(298,'R007',1430,2695,'104TH STREET                  ',3068,6873),(221,'R008',2521,2281,'111TH STREET                  ',2830,6005),(260,'R009',737,2490,'121ST STREET                  ',3135,5106),(3764,'R010',2304,51508,'42ND STREET & 8TH AVENUE      ',40595,86305),(9206,'R011',1794,70267,'42ND STREET & 8TH AVENUE      ',36775,258436),(7457,'R012',2448,66855,'34TH STREET & 8TH AVENUE      ',37804,212350),(2104,'R013',855,29979,'34TH STREET & 8TH AVENUE      ',14380,51000),(2940,'R014',3153,54082,'FULTON STREET                 ',23995,91828),(3162,'R015',402,33223,'FIFTH AVENUE                  ',15173,83660),(1040,'R016',271,13345,'LEXINGTON AVENUE              ',5455,22039),(4999,'R017',3764,57940,'LEXINGTON AVENUE              ',22000,104041),(6169,'R018',8018,98811,'ROOSEVELT AVE/JACKSON HTS     ',54863,90803),(1818,'R019',4176,26387,'179TH STREET & HILLSIDE AVE   ',17649,33884),(7010,'R020',2938,98459,'47-50 STREETS/ROCKEFELLER     ',45773,163127),(3817,'R021',1586,71695,'42ND STREET & 6TH AVENUE      ',29477,92428),(7067,'R022',3200,112938,'34TH STREET & 6TH AVENUE      ',68223,173266),(5448,'R023',2019,77499,'34TH STREET & 6TH AVENUE      ',35048,150048),(2161,'R024',2533,21621,'SUTPHIN BOULEVARD             ',26243,50123),(2024,'R025',6829,35083,'JAMAICA CENTER-PARSONS BLVD   ',50224,63083),(2590,'R027',1535,45585,'WALL STREET                   ',13671,72975),(3295,'R028',2805,51216,'FULTON & WILLIAM STREETS      ',19444,66718),(5184,'R029',6498,73628,'PARK PLACE                    ',30129,137415),(2277,'R030',10408,31993,'CHAMBERS STREET               ',13846,48931),(4662,'R031',1906,40016,'34TH STREET & 7TH AVENUE      ',26734,113804),(3536,'R032',907,67985,'42ND STREET/TIMES SQUARE      ',25949,91498),(5885,'R033',4562,77826,'42ND STREET/TIMES SQUARE      ',66926,165309),(1215,'R034',2377,12540,'125TH STREET & BROADWAY       ',9517,15988),(3680,'R035',8013,40552,'168TH STREET & BROADWAY       ',25373,55546),(1091,'R036',3522,8098,'DYCKMAN STREET                ',10417,14478),(578,'R037',2225,6245,'207TH STREET                  ',10084,9578),(352,'R038',617,2860,'215TH STREET                  ',2177,4094),(610,'R039',2584,6969,'225TH STREET                  ',8003,11710),(1215,'R040',2540,11619,'231ST STREET                  ',10682,17360),(2740,'R041',5715,38892,'BOWLING GREEN & BATTERY PL    ',18222,56854),(350,'R042',593,5147,'BOWLING GREEN & BROADWAY      ',6760,10630),(2648,'R043',2406,45643,'WALL STREET                   ',15673,62209),(4482,'R044',7016,52211,'BROOKLYN BRIDGE               ',24165,79093),(3509,'R045',550,28457,'42ND STREET & GRAND CENTRAL   ',10087,98471),(8618,'R046',1772,97679,'42ND STREET & GRAND CENTRAL   ',45714,221986),(4748,'R047',1053,72246,'42ND STREET & GRAND CENTRAL   ',24583,111562),(1094,'R048',272,18719,'42ND STREET & 3RD AVENUE      ',5224,32707),(3002,'R049',653,39519,'51ST STREET & LEXINGTON AVE   ',18634,60777),(3530,'R050',1462,44857,'59TH STREET & LEXINGTON AVE   ',20418,62466),(4890,'R051',5299,66158,'59TH STREET & LEXINGTON AVE   ',37092,89638),(641,'R052',1019,5754,'WOODLAWN ROAD                 ',8468,10182),(1911,'R053',9380,21790,'149TH STREET & 3RD AVENUE     ',42239,37311),(1322,'R054',338,21245,'FIFTH AVENUE & 42ND STREET    ',8918,31661),(6994,'R055',10370,96162,'MAIN STREET                   ',41760,91471),(1563,'R056',3994,14351,'NEVINS STREET                 ',12591,22704),(4695,'R057',15727,65899,'BARCLAYS CENTER               ',40864,107960),(516,'R058',901,8932,'BERGEN STREET                 ',3186,8889),(1903,'R059',2686,17301,'GRAND ARMY PLAZA              ',5250,17868),(997,'R060',2290,11442,'EASTERN PARKWAY               ',5057,11526),(490,'R061',2424,6217,'NOSTRAND AVENUE               ',5934,8458),(2298,'R062',9386,31405,'UTICA AVENUE                  ',39794,49602),(745,'R063',4056,7005,'SUTTER AVENUE                 ',11937,16777),(471,'R064',3104,5112,'SARATOGA AVENUE               ',8022,13322),(619,'R065',4145,4257,'ROCKAWAY AVENUE               ',8059,12149),(302,'R066',1726,1879,'JUNIUS STREET                 ',3852,4397),(534,'R067',3910,4366,'PENNSYLVANIA AVENUE           ',8474,11002),(302,'R068',1889,2918,'VAN SICLEN AVENUE             ',5126,6934),(554,'R069',3168,5144,'NEW LOTS AVENUE               ',10086,11856),(1292,'R070',3011,6705,'ST GEORGE TERMINAL            ',3148,28627),(1930,'R079',480,28048,'FIFTH AVENUE & 60TH STREET    ',15677,48027),(4045,'R080',2005,53185,'57TH STREET & 7TH AVENUE      ',24055,68514),(2286,'R081',1992,46699,'49TH STREET & 7TH AVENUE      ',24667,63455),(1061,'R082',403,23109,'28TH STREET & BROADWAY        ',11022,26795),(1888,'R083',1403,41440,'23RD STREET & 5TH AVENUE      ',16958,51092),(9619,'R084',15344,109972,'59TH STREET/COLUMBUS CIRCLE   ',57626,159913),(1935,'R085',1265,30712,'8TH STREET & BROADWAY         ',12902,38129),(1023,'R086',862,27778,'PRINCE STREET & BROADWAY      ',16278,37986),(452,'R087',219,5355,'CITY HALL                     ',1991,7397),(186,'R088',91,3388,'CORTLANDT STREET              ',3566,9218),(264,'R089',657,2728,'JAY ST-METROTECH              ',1082,4426),(296,'R090',474,4532,'39TH AVENUE & 31ST STREET     ',4414,7015),(697,'R091',2204,16077,'36TH AVENUE & 31ST STREET     ',7486,16065),(1401,'R092',3945,31673,'BROADWAY & 31ST STREET        ',10348,26384),(1333,'R093',2465,33899,'30TH AVENUE & 31ST STREET     ',12863,30041),(928,'R094',1638,25197,'ASTORIA BLVD & 31ST STREET    ',10367,24804),(1594,'R095',4525,36913,'DITMARS BLVD & 31ST STREET    ',12421,36407),(2777,'R096',4741,20685,'82ND STREET-JACKSON HEIGHTS   ',21397,34846),(1364,'R097',6341,19529,'JUNCTION BLVD-ROOSEVELT AVE   ',31649,54431),(1708,'R098',6540,24068,'CHURCH AVENUE                 ',22321,32457),(1707,'R099',11750,27060,'DEKALB AVENUE                 ',12667,27993),(327,'R100',1443,4268,'METROPOLITAN AVENUE           ',3482,7988),(1678,'R101',6647,37331,'145TH STREET                  ',33359,37814),(2648,'R102',8400,40583,'125TH STREET                  ',38402,49185),(628,'R103',3398,7606,'BROADWAY-EAST NEW YORK        ',13479,15669),(596,'R104',3531,7978,'167TH ST-GRAND CONCOURSE      ',14038,15137),(4246,'R105',3320,41257,'14TH STREET & 7TH AVENUE      ',21590,52962),(561,'R107',4576,6870,'WESTCHESTER SQUARE            ',7813,11181),(6524,'R108',8292,59691,'BOROUGH HALL - COURT STREET   ',28158,82754),(1177,'R109',4549,10177,'CHURCH AVENUE & NOSTRAND AV   ',13138,21376),(1830,'R110',4919,22990,'FLATBUSH AVE & NOSTRAND AV    ',23268,32932),(3865,'R111',6045,43806,'23RD STREET & 8TH AVENUE      ',21069,56188),(996,'R112',3538,11095,'FORDHAM RD/GRAND CONCOURSE    ',19809,23674),(1376,'R113',893,22497,'SEVENTH AVENUE & WEST 53RD    ',12781,46115),(690,'R114',3429,8659,'PARSONS BLVD & HILLSIDE AV    ',6866,12258),(957,'R115',4318,12635,'169TH STREET & HILLSIDE AVE   ',7921,18353),(3237,'R116',3883,39631,'50TH STREET & 7TH AVENUE      ',20909,71003),(535,'R117',1043,6926,'242ND STREET & BROADWAY       ',6363,10472),(3207,'R118',1698,28701,'CANAL STREET                  ',6063,21447),(895,'R119',4109,9541,'FORDHAM ROAD & JEROME AVE     ',19777,23000),(455,'R120',3137,5232,'MORRISON AVE & WESTCHESTER    ',11500,13374),(604,'R121',4482,16547,'QUEENSBORO PLAZA              ',10977,20507),(1877,'R122',5528,22511,'90TH STREET/ELMHURST AVENUE   ',24200,41115),(1217,'R123',5597,26284,'FRANKLIN AVE/EASTERN PKWY     ',14961,26728),(847,'R124',2353,6130,'KINGSTON AVE/EASTERN PKWY     ',6556,12962),(513,'R125',2202,8924,'BROAD STREET & WALL STREET    ',3608,13000),(1744,'R126',2568,17733,'175TH STREET/FT WASHINGTON    ',12790,35932),(3856,'R127',10378,49574,'JAY ST-METROTECH              ',30799,72606),(620,'R128',1102,7159,'SUTPHIN BLVD-HILLSIDE AVE     ',5199,11336),(1305,'R129',4381,25090,'BERGEN STREET-SMITH STREET    ',8709,28270),(625,'R130',1341,5061,'KINGS HIGHWAY-MCDONALD AVE    ',3241,8200),(3675,'R131',4853,46998,'23RD STREET-PARK AVE SOUTH    ',19642,69168),(3242,'R132',6704,34394,'125TH STREET-LEXINGTON AVE    ',40675,54797),(1060,'R133',6298,9303,'MOSHOLU PARKWAY-JEROME AVE    ',11347,18593),(634,'R134',142,6399,'HUNTERS PT AVE-49TH AVE       ',4973,17376),(1047,'R135',3644,8434,'NEWKIRK AVE-NOSTRAND AVE      ',11134,17304),(2491,'R136',3874,19629,'SHEEPSHEAD BAY ROAD           ',8638,28963),(1195,'R137',7082,26873,'MYRTLE AVE-GATES AVENUE       ',24568,38273),(4858,'R138',3064,70604,'WEST 4TH ST-WASHINGTON SQ     ',34365,95817),(1564,'R139',2071,31359,'CANAL STREET-LISPENARD ST     ',13507,48273),(835,'R140',4647,13952,'QUEENS PLAZA-JACKSON AVE      ',8057,18358),(5369,'R141',5134,44731,'71ST AVE-CONTINENTAL AVE      ',17815,55307),(2514,'R142',13634,39017,'ESSEX ST-DELANCEY ST          ',23444,51873),(2735,'R143',1538,39861,'28TH STREET-PARK AVE SOUTH    ',19752,60754),(3938,'R144',7139,46790,'96TH STREET-LEXINGTON AVE     ',19751,58257),(442,'R145',2415,3133,'241ST ST-WHITE PLAINS RD      ',7276,12356),(675,'R146',3671,9168,'HUNTS PT AVE-SOUTHERN BLVD    ',15622,17097),(2133,'R147',4355,28752,'61ST STREET-ROOSEVELT AVE     ',16071,35441),(526,'R148',1370,8437,'PARKSIDE AVE-OCEAN AVE        ',7130,10364),(1514,'R149',3548,15878,'NEWKIRK PLAZA                 ',11071,21236),(1251,'R150',2258,12153,'AVENUE U-EAST 16TH STREET     ',4709,13855),(1459,'R151',4279,12213,'STILLWELL AVE-CONEY ISLAND    ',12813,20918),(772,'R152',4948,12428,'ROCKAWAY PKWY-GLENWOOD RD     ',17167,21918),(1025,'R153',6653,17869,'UTICA AVE-STUYVESANT AVE      ',21449,25849),(719,'R154',3323,8661,'TREMONT AVE-179TH ST          ',17021,16817),(609,'R155',3880,7521,'KINGSBRIDGE RD-196TH ST       ',12740,15664),(721,'R156',3598,7825,'BEDFORD PARK BLVD-203RD ST    ',8593,12882),(670,'R157',2481,9324,'205TH ST-BAINBRIDGE AVE       ',11350,16519),(2966,'R158',3814,40630,'UNION TURNPIKE-KEW GARDENS    ',21607,39864),(1972,'R159',1056,20553,'116TH STREET-COLUMBIA         ',7940,28535),(2104,'R160',1936,31952,'ASTOR PLACE-4 AVENUE          ',15293,43258),(806,'R161',5747,8363,'KINGSBRIDGE RD-JEROME AVE     ',14434,18588),(543,'R162',4133,4769,'ELDER AVE-WESTCHESTER AVE     ',11455,14789),(2938,'R163',4008,44346,'14TH STREET-6TH AVENUE        ',20404,57467),(6759,'R164',13045,39921,'66TH STREET-BROADWAY          ',19159,56277),(55,'R165',256,251,'TOMPKINSVILLE                 ',485,1872),(4174,'R166',2560,32116,'79TH STREET-BROADWAY          ',15651,38622),(5531,'R167',4810,39414,'86TH STREET-BROADWAY          ',17746,44167),(9885,'R168',8137,76195,'96TH STREET-BROADWAY          ',37896,79862),(1530,'R169',6077,21896,'137TH STREET-BROADWAY         ',20092,24365),(12134,'R170',18337,196905,'14TH STREET-UNION SQUARE      ',97850,237055),(1087,'R171',1914,21303,'7TH AVENUE-PARK PLACE         ',5834,20167),(2690,'R172',4084,15225,'BRIGHTON BEACH-CONEY ISLAND   ',9568,26194),(1162,'R173',2697,15388,'207TH STREET-BROADWAY         ',9383,15756),(1979,'R174',2672,22664,'181ST STREET-FT WASH AVE      ',9762,21998),(4005,'R175',13408,72200,'8TH AVENUE-14TH STREET        ',41704,97437),(4159,'R176',3716,52890,'33RD STREET-PARK AVENUE       ',25376,79631),(6166,'R177',7433,48963,'68TH STREET-HUNTER COLLEGE    ',22748,82838),(7348,'R178',6027,63129,'77TH STREET-LEXINGTON AVE     ',29029,96215),(10670,'R179',7676,124217,'86TH STREET-LEXINGTON AVE     ',55136,151591),(2171,'R180',9029,23021,'103RD STREET-LEXINGTON AVE    ',21148,34246),(1560,'R181',5887,18674,'110TH STREET-LEXINGTON AVE    ',16927,24956),(1750,'R182',7994,23177,'116TH STREET-LEXINGTON AVE    ',25308,29724),(397,'R183',6862,4858,'BEDFORD PARK BLVD-JEROME AV   ',6518,9197),(762,'R184',2748,10374,'CORTELYOU RD-EAST 16TH ST     ',6078,13537),(894,'R185',2704,10857,'DYCKMAN STREET-BROADWAY       ',7018,13814),(2343,'R186',3193,20434,'86TH ST-CENTRAL PARK WEST     ',8226,21503),(1964,'R187',1564,19929,'81ST STREET-MUSEUM            ',12975,29408),(2292,'R188',10408,31443,'50TH STREET-8TH AVENUE        ',20057,51339),(1851,'R189',685,16236,'CHRISTOPHER ST-SHERIDAN SQ    ',9678,26295),(2739,'R190',4132,26065,'23RD STREET-7TH AVENUE        ',13333,32855),(4018,'R191',3744,24853,'103RD STREET-BROADWAY         ',14969,28004),(3165,'R192',3526,24915,'110TH STREET-BROADWAY         ',12925,28881),(1501,'R193',3872,17611,'157TH STREET-BROADWAY         ',18060,20032),(1322,'R194',911,26120,'BLEECKER ST-LAFAYETTE ST      ',13531,33911),(2168,'R195',9362,24235,'161ST STREET-YANKEE STADIUM   ',35743,43255),(873,'R196',3025,16490,'PROSPECT PARK-EMPIRE BLVD     ',11029,17435),(1223,'R197',4726,19281,'36TH STREET-4TH AVENUE        ',12650,27717),(1390,'R198',4898,25289,'NOSTRAND AVE-FULTON ST        ',24073,31782),(540,'R199',4066,8072,'KINGSTON AVE-THROOP AVE       ',8135,11896),(945,'R200',7489,9508,'EUCLID AVE-PITKIN AVE         ',13896,21879),(2832,'R201',7036,31703,'WOODHAVEN BLVD-QUEENS BLVD    ',20802,46518),(4602,'R202',2383,29576,'63RD DRIVE-REGO PARK          ',12139,38479),(1685,'R203',933,27033,'23RD STREET-6TH AVENUE        ',11368,38655),(1462,'R204',3783,18850,'CHURCH AVE-MCDONALD AVE       ',9222,19649),(970,'R205',10510,13146,'149TH ST-GRAND CONCOURSE      ',19006,23053),(1827,'R206',4751,21412,'125TH STREET-LENOX AVENUE     ',23859,26898),(2138,'R207',6831,21878,'135TH STREET-LENOX AVENUE     ',21698,27688),(1178,'R208',5879,16307,'103RD ST-ROOSEVELT AVE        ',33041,49678),(945,'R209',2405,8043,'STERLING ST-NOSTRAND AVE      ',7973,12918),(556,'R210',2518,4471,'BEVERLY RD-NOSTRAND AVE       ',6020,10568),(3241,'R211',5581,26138,'KINGS HIGHWAY-EAST 16TH ST    ',12645,37110),(1386,'R212',5518,19124,'59TH STREET-4TH AVENUE        ',13308,29910),(1015,'R213',4051,13802,'BAY RIDGE AVE-4TH AVENUE      ',6623,18272),(903,'R214',1173,9017,'77TH STREET-4TH AVENUE        ',3367,14137),(1120,'R215',3774,16540,'86TH STREET-4TH AVENUE        ',10595,20406),(1105,'R216',1048,9487,'BAY RIDGE - 95TH STREET       ',3953,15427),(1065,'R217',2203,13068,'HOYT ST-SCHERMERHORN ST       ',11307,20775),(2249,'R218',4028,31735,'ELMHURST AVE-BROADWAY         ',12105,27985),(2570,'R219',5758,17497,'67TH AVENUE-QUEENS BLVD       ',4545,21719),(1182,'R220',3984,24588,'CARROLL ST-PRESIDENT ST       ',7957,28632),(607,'R221',4326,8155,'167TH STREET-RIVER AVENUE     ',16356,17462),(1871,'R222',7473,25012,'177TH STREET-PARKCHESTER      ',24968,37788),(1764,'R223',3643,27915,'46TH ST-BLISS ST              ',16923,30973),(1598,'R224',506,12779,'CLARK STREET-HENRY STREET     ',4036,13193),(644,'R225',2730,5581,'HOYT STREET-HOYT STREET       ',5905,8888),(687,'R226',2842,4924,'GUN HILL ROAD-SEYMOUR         ',7020,12649),(331,'R227',243,4038,'RECTOR STREET-CHURCH STREET   ',1558,5687),(1032,'R228',2749,8632,'AVENUE J-EAST 16TH STREET     ',5850,11600),(1041,'R229',8682,7300,'AVENUE M-EAST 16TH STREET     ',4030,12017),(976,'R230',1543,7347,'NECK ROAD-EAST 16TH STREET    ',1822,9562),(674,'R231',1223,14259,'UNION STREET-4TH AVENUE       ',5446,16254),(957,'R232',3289,9382,'45TH STREET-4TH AVENUE        ',8255,18117),(800,'R233',3099,9923,'53RD STREET-4TH AVENUE        ',8181,19384),(735,'R234',966,4016,'50TH STREET-NEW UTRECHT AVE   ',2646,8484),(889,'R235',4501,51703,'BEDFORD AVE-NORTH 7TH ST      ',23840,60230),(875,'R236',3577,19354,'DEKALB AVE-WYCKOFF AVE        ',14765,25317),(517,'R237',2408,3964,'182ND STREET-183RD STREET     ',8551,11398),(1401,'R238',4545,29324,'STEINWAY ST-BROADWAY          ',15137,31909),(1132,'R239',1379,16630,'GREENPOINT AVE                ',8031,21902),(8012,'R240',7347,56725,'GRAND ST-CHRISTIE ST          ',11637,46031),(810,'R241',2296,14192,'15TH ST-PROSPECT PARK WEST    ',4177,14344),(651,'R242',1601,5243,'18TH AVE-MCDONALD AVE         ',4251,9541),(748,'R243',4534,7241,'170TH STREET-JEROME AVENUE    ',16217,18072),(911,'R244',4483,8563,'BURNSIDE AVE-JEROME AVE       ',17796,20439),(407,'R245',2091,3212,'ST LAWRENCE AVE-WEST AVE      ',6906,10057),(341,'R246',1100,10471,'PROSPECT AVENUE-4TH AVENUE    ',3859,10617),(445,'R247',509,2272,'55TH ST-NEW UTRECHT AVE       ',1952,5782),(2741,'R248',9168,43130,'1ST AVENUE-14TH STREET        ',19705,60418),(511,'R249',2042,23774,'GRAHAM AVE-METROPOLITAN AVE   ',9667,22138),(508,'R250',8262,11589,'GRAND ST-BUSHWICK AVE         ',7631,12637),(2275,'R251',1846,17875,'96TH ST-CENTRAL PARK WEST     ',7606,16319),(883,'R252',962,13206,'HIGH ST-CADMAN PLAZA WEST     ',6312,16754),(545,'R253',1932,5266,'174TH-175TH ST-GRAND CONCOU   ',8946,11454),(2018,'R254',5165,36980,'GRAND AVE-QUEENS BOULEVARD    ',16846,31176),(666,'R255',3288,7551,'VAN WYCK BLVD-MAIN STREET     ',3348,10614),(762,'R256',2216,18116,'NASSAU AVE-MANHATTAN AVE      ',7552,20571),(2801,'R257',5579,24298,'EAST BROADWAY-MADISON ST      ',9998,29834),(1250,'R258',3681,25425,'4TH AVENUE-9TH STREET         ',11381,28447),(1479,'R259',1466,13229,'ROOSEVELT ISLAND              ',4769,9518),(1330,'R260',3600,11937,'181ST STREET-ST NICHOLAS AV   ',18949,21281),(1452,'R261',6053,20649,'40TH STREET-LOWERY STREET     ',9955,22636),(341,'R262',1495,4593,'BEVERLEY ROAD -EAST 15TH ST   ',2957,6607),(472,'R263',1483,4284,'AVENUE H-EAST 16TH STREET     ',2534,6051),(1054,'R264',3076,3654,'OCEAN PKWAY-BRIGHTON BCH AV   ',1563,7100),(472,'R265',2780,13448,'MONTROSE AVENUE               ',8141,14347),(515,'R266',2666,10598,'HALSEY STREET-WYCKOFF AVE     ',9654,16917),(1189,'R267',4071,17962,'46TH STREET-BROADWAY          ',8607,21519),(636,'R268',3108,31554,'METROPOLITAN AVE-LORIMER ST   ',14238,32620),(374,'R269',2034,13935,'BEDFORD AVENUE-NOSTRAND AVE   ',9892,15696),(388,'R270',1469,6198,'SMITH STREET-9TH STREET       ',5761,9580),(496,'R271',960,3895,'AVENUE X-MCDONALD AVENUE      ',2098,6045),(2250,'R272',853,25586,'28TH STREET-7TH AVENUE        ',13740,33968),(1129,'R273',2895,17041,'145TH STREET-BROADWAY         ',16867,17727),(1428,'R274',6786,11167,'191ST STREET-ST NICHOLAS AV   ',12257,17813),(490,'R275',3531,4872,'183RD STREET-JEROME AVENUE    ',10847,14006),(1076,'R276',1957,29034,'JACKSON AVENUE-VERNON BLVD    ',8996,28912),(450,'R277',3036,5706,'PRESIDENT ST-NOSTRAND AVE     ',4454,7860),(272,'R278',596,5209,'25TH STREET-4TH AVENUE        ',3379,6889),(313,'R279',1530,12262,'JEFFERSON STREET-WYCKOFF AV   ',9101,15871),(830,'R280',1773,9554,'190TH STREET-OVERLOOK TERR    ',4037,8145),(1763,'R281',955,14617,'72ND STREET-CENTRAL PK WEST   ',7162,19615),(1170,'R282',2530,21757,'SPRING STREET-6TH AVENUE      ',9893,31255),(403,'R283',3173,8702,'LAFAYETTE AVENUE-FULTON ST    ',5665,11430),(510,'R284',1671,14557,'CLINTON AVENUE-FULTON ST      ',6305,14460),(610,'R285',1947,2631,'MOTT AVENUE-BEACH 22ND ST     ',5293,10715),(370,'R286',1853,8738,'MYRTLE AVENUE-MARCY AVENUE    ',7486,11331),(220,'R287',1521,8514,'CLASSON AVENUE-LAFAYETTE AV   ',4982,10423),(1851,'R288',5550,26506,'7TH AVENUE-9TH STREET         ',6981,29542),(837,'R289',2365,12246,'FT HAMILTON PKY-GREENWOOD     ',3359,12383),(2173,'R290',1674,26408,'HOUSTON STREET-VARICK ST      ',10356,38376),(1032,'R291',13195,17721,'33RD STREET-QUEENS BLVD       ',11828,28371),(362,'R292',5103,2931,'BAYCHESTER AVE-TILLOTSON      ',4406,9771),(6822,'R293',3546,52624,'34TH STREET - PENN STATION    ',31868,187598),(235,'R294',1525,14128,'MORGAN AVENUE-HARRISON PL     ',9023,16058),(209,'R295',2010,5101,'WILSON AVENUE-MOFFAT STREET   ',6644,8754),(510,'R296',1817,5796,'163RD ST & AMSTERDAM AVE      ',6222,8280),(476,'R297',2321,10438,'FRANKLIN AVENUE-FULTON ST     ',8805,12877),(929,'R298',1395,12386,'NORTHERN BLVD-BROADWAY        ',7666,13816),(392,'R299',1753,5794,'BROADWAY - UNION AVENUE       ',4628,6857),(1928,'R300',3453,33444,'2ND AVENUE-HOUSTON STREET     ',17342,45349),(521,'R301',1248,16963,'YORK STREET-JAY STREET        ',6625,19287),(1953,'R302',477,24966,'57TH STREET-6TH AVENUE        ',12292,39215),(1181,'R303',1631,11454,'21ST STREET-QUEENSBRIDGE      ',11133,14837),(1063,'R304',1709,15618,'RECTOR STREET-GREENWICH ST    ',7554,25883),(468,'R306',1113,5115,'238TH STREET-BROADWAY         ',3679,9424),(205,'R307',819,3284,'138TH ST-GRAND CONCOURSE      ',4149,7997),(561,'R308',2959,4925,'MT EDEN AVENUE-JEROME AVE     ',8863,12251),(434,'R309',3665,4602,'176TH STREET-JEROME AVENUE    ',10171,11418),(774,'R310',3785,11001,'111TH STREET-ROOSEVELT AVE    ',17088,29681),(438,'R311',688,5859,'BOWERY STREET-DELANCEY ST     ',2941,5728),(650,'R312',474,2190,'WEST 6TH STREET-SURF AVENUE   ',1115,4729),(164,'R313',822,1941,'BUSHWICK AVENUE-ABERDEEN ST   ',2575,3193),(794,'R314',1518,8325,'103RD ST-CENTRAL PARK WEST    ',5541,9302),(580,'R315',2254,3798,'155TH STREET-8TH AVENUE       ',6748,8310),(266,'R316',961,3049,'FLUSHING AVENUE-MARCY AVE     ',3263,6065),(442,'R317',1504,9625,'LAFAYETTE AV-WASHINGTON AV    ',4369,12227),(271,'R318',6660,8397,'FULTON STREET-LAFAYETTE AV    ',4439,8014),(1760,'R319',1423,23288,'63RD STREET-LEXINGTON AVE     ',9650,30378),(493,'R320',1141,9381,'CANAL STREET-VARICK STREET    ',4432,14868),(1443,'R321',2354,14636,'18TH STREET-7TH AVENUE        ',6702,21373),(1220,'R322',845,20690,'SPRING STREET-LAFAYETTE ST    ',12254,31855),(1068,'R323',4507,14769,'111TH STREET-LENOX AVENUE     ',12351,16621),(1219,'R324',4761,18534,'116TH STREET-LENOX AVENUE     ',17207,21061),(147,'R325',1231,1380,'WHITLOCK AVE-WESTCHESTER AV   ',2802,3447),(515,'R326',2619,4158,'ZEREGA AVE-WESTCHESTER AVE    ',5156,11458),(1100,'R327',1432,13374,'52ND STREET-ROOSEVELT AVE     ',7405,14805),(130,'R328',223,1738,'WILLETS PT BLVD-ROOSEVELT     ',1316,5116),(221,'R329',882,2473,'MORRIS PARK-PAULDING AVENUE   ',1436,6365),(619,'R330',1447,14371,'3RD AVENUE-14TH STREET        ',6821,15921),(325,'R331',1055,3957,'155TH STREET-ST NICHOLAS AV   ',3608,4736),(593,'R332',4786,8001,'135TH STREET-ST NICHOLAS AV   ',5974,8571),(488,'R333',2852,12494,'116TH STREET-8TH AVENUE       ',8966,11623),(968,'R334',2414,13575,'110TH STREET-8TH AVENUE       ',7698,12958),(194,'R335',1119,1358,'GASTON AVENUE-BEACH 67TH ST   ',2004,4787),(255,'R336',1756,1657,'STRAITON AVE-BEACH 60TH ST    ',3047,5515),(67,'R337',352,328,'FRANK AVENUE-BEACH 44TH ST    ',563,1255),(128,'R338',564,576,'EDGEMERE-BEACH 36TH STREET    ',818,1938),(509,'R339',1384,5607,'36TH STREET-NORTHERN BLVD     ',4784,8911),(563,'R340',941,7223,'65TH STREET-BROADWAY          ',3589,8107),(1162,'R341',530,7887,'75TH AVENUE-QUEENS BLVD       ',1951,8958),(540,'R342',1306,5277,'VAN WYCK BLVD-METROPOLITAN    ',5297,13325),(859,'R343',522,9103,'FRANKLIN STREET-WEST BWAY     ',3809,15445),(542,'R344',1742,4741,'145TH STREET-LENOX AVENUE     ',5865,6829),(583,'R345',3539,5598,'148TH STREET-LENOX AVENUE     ',5167,7038),(369,'R346',1354,6198,'COURT SQ                      ',4321,8184),(497,'R347',1581,8336,'69TH STREET-ROOSEVELT AVE     ',6786,11003),(100,'R348',1180,1112,'ATLANTIC AV-VAN SINDEREN AV   ',2429,3198),(470,'R349',3846,2552,'SUTTER AVE-VAN SINDEREN AVE   ',7278,9927),(330,'R350',2963,2051,'LIVONIA AVE-VAN SINDEREN AV   ',4912,5824),(280,'R352',814,4289,'HEWES STREET-BROADWAY         ',3428,7154),(839,'R353',2472,9753,'LORIMER STREET-BROADWAY       ',4211,8685),(163,'R354',551,1617,'104TH STREET-LIBERTY AVENUE   ',1369,4842),(276,'R355',610,2740,'109TH STREET-LIBERTY AVENUE   ',2025,6765),(583,'R356',1476,7248,'LEFFERTS BLVD-LIBERTY AVE     ',7447,17040),(232,'R357',211,709,'NORTH CONDUIT AVE-COHANCEY    ',685,3465),(153,'R358',2005,905,'BEACH 25TH STREET-WAVECREST   ',1425,4046),(1629,'R359',3935,27812,'COURT SQ-23 ST                ',11905,36418),(104,'R360',66,2528,'21ST STREET-JACKSON AVENUE    ',2112,3202),(1002,'R361',4142,9266,'PELHAM PKWY-WHITE PLAINS RD   ',13202,17583),(669,'R362',2542,4529,'ALLERTON AV-WHITE PLAINS RD   ',8414,13020),(484,'R363',2102,2819,'BURKE AVE-WHITE PLAINS ROAD   ',5299,8683),(646,'R364',6258,5360,'GUNHILL RD-WHITE PLAINS RD    ',11044,12099),(327,'R365',2494,2636,'219TH ST-WHITE PLAINS ROAD    ',4859,8729),(410,'R366',4507,2978,'225TH ST-WHITE PLAINS ROAD    ',6524,10492),(645,'R367',2751,4494,'233RD ST-WHITE PLAINS ROAD    ',7887,11857),(524,'R368',2709,10894,'9TH AVENUE-39TH STREET        ',5021,13560),(609,'R369',2287,5921,'FORT HAMILTON PKWY-45TH ST    ',3582,10362),(621,'R370',1452,9429,'71ST STREET-NEW UTRECHT AVE   ',2763,10514),(805,'R371',6174,12650,'79TH STREET-17TH AVENUE       ',3333,13219),(931,'R372',1741,12015,'18TH AVENUE-86TH STREET       ',3882,13513),(802,'R373',1738,9339,'20TH AVENUE-86TH STREET       ',3053,11697),(1129,'R374',2129,13977,'BAY PARKWAY-86TH STREET       ',4234,14182),(287,'R375',2777,3541,'NEW LOTS AV-VAN SINDEREN AV   ',7751,8350),(478,'R376',1853,3181,'EAST 105TH ST-FARRAGUT ROAD   ',5044,9442),(1259,'R377',2737,8793,'FLUSHING AVE-BROADWAY         ',12196,20566),(823,'R378',2946,15846,'MYRTLE AVENUE-BROADWAY        ',15319,22412),(327,'R379',2042,6100,'KOSCIUSZKO STREET-BROADWAY    ',6491,9666),(480,'R380',2929,7230,'GATES AVENUE-BROADWAY         ',9156,13177),(464,'R381',1975,7483,'HALSEY STREET-BROADWAY        ',9667,12695),(604,'R382',3221,6358,'GRANT AVENUE-PITKIN AVENUE    ',7557,15727),(406,'R383',1738,5362,'HUDSON STREET-78TH STREET     ',3474,11401),(310,'R384',801,2993,'BOYD STREET-88TH STREET       ',2152,7899),(452,'R385',3132,8043,'ROCKAWAY BLVD-LIBERTY AVE     ',7726,14925),(616,'R386',4210,5708,'174TH STREET-SOUTHERN BLVD    ',12607,13396),(476,'R387',3694,5987,'EAST TREMONT AVENUE-178 ST    ',13281,12361),(381,'R388',3294,6210,'EAST 180TH ST-MORRIS PARK     ',9969,12991),(242,'R389',1553,2921,'BRONX PARK EAST               ',3894,6425),(2431,'R390',4321,26369,'8TH AVENUE-62ND STREET        ',3679,25667),(776,'R391',3766,14369,'FORT HAMILTON PARKWAY-62ND    ',3279,16697),(947,'R392',1954,11701,'18TH AVENUE-62ND STREET       ',3349,10896),(510,'R393',5482,8652,'20TH AVENUE-62ND STREET       ',1881,7930),(1301,'R394',2465,16286,'BAY PARKWAY-66TH STREET       ',4537,13660),(971,'R395',1820,11688,'KINGS HIGHWAY-WEST 7TH ST     ',3232,10498),(509,'R396',1963,8780,'AVENUE U-WEST 7TH STREET      ',2215,6285),(487,'R397',1289,4249,'86TH STREET-AVENUE V          ',2318,4743),(797,'R398',2156,9513,'NEW UTRECHT AVENUE-62ND ST    ',3704,11681),(645,'R399',3943,9494,'25TH AVENUE-86TH STREET       ',2147,9270),(516,'R400',3352,4673,'BAY 50TH STREET-STILLWELL     ',1644,5849),(195,'R401',1116,4388,'CENTRAL AVE-MYRTLE AVE        ',3619,6202),(286,'R402',846,3429,'SENECA AVENUE-PALMETTO ST     ',2599,6290),(370,'R403',1435,6307,'FOREST AVENUE-PUTNAM AVENUE   ',3125,10128),(598,'R404',1432,7905,'FRESH POND ROAD-68TH AVENUE   ',3989,13946),(550,'R405',4691,4575,'JACKSON AVENUE-WESTCHESTER    ',9198,12114),(732,'R406',5204,6220,'PROSPECT AVENUE-WESTCHESTER   ',13194,15586),(257,'R407',2880,2992,'INTERVALE 163RD STREET        ',6127,6819),(691,'R408',3737,7685,'SIMPSON ST-WESTCHESTER AVE    ',17427,15874),(488,'R409',2878,4299,'FREEMAN ST-SOUTHERN BLVD      ',7886,10407),(267,'R411',977,3456,'PARK PLACE-FRANKLIN AVENUE    ',2488,4104),(174,'R412',4412,1895,'BOTANIC GARDEN-FRANKLIN AVE   ',1555,2655),(338,'R413',1785,4473,'KNICKERBOCKER AVE-MYRTLE AV   ',4212,8494),(270,'R414',210,2466,'HOWARD BEACH-159TH AVE        ',2106,5580),(44,'R415',70,100,'BROAD CHANNEL-NOEL ROAD       ',91,684),(120,'R416',315,614,'HOLLAND-BEACH 90TH STREET     ',621,1777),(44,'R417',927,321,'PLAYLAND-BEACH 98TH STREET    ',334,910),(33,'R418',412,180,'SEASIDE BEACH-105TH STREET    ',74,468),(121,'R419',189,411,'ROCKAWAY PARK-BEACH 116TH     ',383,1324),(732,'R420',2958,6597,'DITMAS AVE-MCDONALD AVE       ',3908,11560),(448,'R421',1667,2732,'AVENUE I-MCDONALD AVENUE      ',2035,4816),(91,'R422',325,2411,'MCDONALD AVE-22ND AVE         ',1413,1295),(520,'R423',1274,4859,'AVENUE N-MCDONALD AVENUE      ',2714,7718),(533,'R424',882,4344,'AVENUE P-MCDONALD AVENUE      ',1919,7320),(335,'R425',869,3036,'AVENUE U-MCDONALD AVENUE      ',1879,5016),(742,'R426',1786,2074,'NEPTUNE AVE-MCDONALD AVENUE   ',859,3985),(507,'R428',1274,4727,'BUHRE AVE-WESTCHESTER AVE     ',3679,12198),(444,'R429',1315,7308,'PELHAM BAY PARK-BRUCKNER BL   ',6685,7931),(372,'R430',2563,2981,'PELHAM PKWY-ESPLANADE         ',2257,7565),(340,'R431',1846,3901,'DYRE AVENUE-LIGHT STREET      ',5476,10540),(297,'R432',1386,3202,'CHAUNCEY STREET-ROCKAWAY AV   ',4920,6346),(140,'R433',695,1882,'ALABAMA AVENUE-FULTON ST      ',4595,3042),(310,'R434',1697,2283,'VAN SICLEN AVENUE-FULTON ST   ',4237,7184),(312,'R435',2183,2521,'CLEVELAND STREET-FULTON ST    ',5024,8295),(310,'R436',2540,2499,'NORWOOD AVENUE-FULTON ST      ',4871,9059),(598,'R437',2836,4376,'CRESCENT STREET-FULTON ST     ',6240,11619),(574,'R438',3387,5247,'RALPH AVENUE-FULTON STREET    ',8774,11890),(495,'R439',3990,5149,'ROCKAWAY AVE-HOPKINSON AVE    ',7640,10604),(299,'R440',1700,2181,'LIBERTY AVE-PENNSYLVANIA AV   ',3689,4953),(329,'R441',2300,2301,'VAN SICLEN AVE-PITKIN AVE     ',4411,6948),(317,'R442',2433,2492,'SHEPHERD AVE-PITKIN AVE       ',4595,7539),(614,'R443',4001,6506,'170TH STREET-GRAND CONC.      ',13005,12882),(408,'R444',2025,2746,'238TH ST-WHITE PLAINS ROAD    ',4412,7453),(706,'R445',3098,7409,'138TH STREET-3RD AVE          ',13666,15733),(622,'R446',3094,5067,'BROOK AVENUE-138TH STREET     ',11541,14309),(345,'R447',1965,2932,'CYPRESS AVENUE-138TH STREET   ',7887,9001),(67,'R448',635,859,'EAST 143RD ST-SOUTHERN BLVD   ',1305,2101),(448,'R449',2543,3888,'EAST 149TH ST-SOUTHERN BLVD   ',8236,9301),(342,'R450',2242,2817,'LONGWOOD AVE-SOUTHERN BLVD    ',6103,7366),(865,'R451',3664,10131,'WINTHROP ST-NOSTRAND AVE      ',8206,16055),(9142,'R452',8295,81405,'72ND STREET & BROADWAY        ',34381,92080),(1290,'R453',1321,25999,'23RD STREET-6TH AVENUE        ',10096,27057),(120,'R454',1143,1414,'PROSPECT AVE-4TH AVE          ',967,2417),(131,'R455',503,1079,'25TH STREET-4TH AVENUE        ',1055,2175),(289,'R456',190,4352,'HOYT STREET-FULTON STREET     ',2652,5129),(1284,'R460',2790,16930,'MARCY AVENUE-BROADWAY         ',13439,27183),(1820,'R461',2369,46846,'BROADWAY LAFAYETTE-BLEECKER   ',24451,58317),(1040,'R462',721,19666,'CANAL STREET-BROADWAY         ',10607,27665),(4824,'R463',2169,39247,'CANAL ST-LAFAYETTE ST EAST    ',16464,46392),(1583,'R464',32,1553,'AQUEDUCT RACE TRACK           ',1656,4058),(381,'R468',287,7296,'RI TRAMWAY (MANHATTAN)        ',2668,3550),(628,'R469',862,7194,'RI TRAMWAY (ROOSEVELT)        ',2687,5092),(78,'R535',0,0,'AIRTRAIN @ HOWARD BEACH       ',0,15683),(108,'R536',0,0,'AIRTRAIN JAMAICA CENTER 1     ',0,29785),(0,'R540',0,0,'PA-PATH WORLD TRADE CNTR      ',0,74780),(0,'R541',0,0,'PA-PATH THIRTY THIRD ST       ',0,66029),(0,'R542',0,0,'PA-PATH TWENTY THIRD ST       ',0,14366),(0,'R543',0,0,'PA-PATH EXCHANGE PLACE        ',0,23275),(0,'R544',0,0,'PA-PATH HARRISON              ',0,10932),(0,'R545',0,0,'PA-PATH 14TH STREET           ',0,19534),(0,'R546',0,0,'PA-PATH PAVONIA/NEWPORT       ',0,25886),(0,'R547',0,0,'PA-PATH 9TH STREET            ',0,9079),(0,'R548',0,0,'PA-PATH CHRISTOPHER ST        ',0,9652),(0,'R549',0,0,'PA-PATH NEWARK                ',0,47018),(0,'R550',0,0,'PA-PATH HOBOKEN               ',0,55051),(0,'R551',0,0,'PA-PATH GROVE ST              ',0,28178),(0,'R552',0,0,'PA-PATH JOURNAL SQUARE        ',0,40229);
/*!40000 ALTER TABLE `fares_jan18` ENABLE KEYS */;
UNLOCK TABLES;

--
-- Table structure for table `stations`
--

DROP TABLE IF EXISTS `stations`;
/*!40101 SET @saved_cs_client     = @@character_set_client */;
/*!40101 SET character_set_client = utf8 */;
CREATE TABLE `stations` (
  `name` varchar(100) DEFAULT NULL,
  `lat` float DEFAULT NULL,
  `lng` float DEFAULT NULL,
  `lines` varchar(50) DEFAULT NULL,
  `line` varchar(50) DEFAULT NULL
) ENGINE=InnoDB DEFAULT CHARSET=latin1;
/*!40101 SET character_set_client = @saved_cs_client */;

--
-- Dumping data for table `stations`
--

LOCK TABLES `stations` WRITE;
/*!40000 ALTER TABLE `stations` DISABLE KEYS */;
INSERT INTO `stations` VALUES ('INTERVALE 163RD STREET',40.8224,-73.8965,'2,5','White Plains'),('CRESCENT STREET-FULTON ST',40.6835,-73.8726,'J,Z','Jamaica'),('148TH STREET-LENOX AVENUE',40.8241,-73.937,'3','Lenox'),('KNICKERBOCKER AVE-MYRTLE AV',40.6987,-73.9187,'M','Myrtle Avenue'),('PELHAM PKWY-WHITE PLAINS RD',40.858,-73.8675,'2,5','White Plains'),('CASTLE HILL AVENUE',40.8343,-73.8514,'6','Pelham'),('RALPH AVENUE-FULTON STREET',40.679,-73.9214,'A,C','Fulton Street'),('BEDFORD PARK BLVD-203RD ST',40.874,-73.8865,'B,D','Concourse'),('VAN SICLEN AVENUE',40.6654,-73.8884,'3','New Lots'),('FORT HAMILTON PKWY-45TH ST',40.6402,-73.9942,'D','West End'),('14TH STREET-6TH AVENUE',40.7372,-73.9967,'F,L,M,1,2,3','Canarsie'),('175TH STREET/FT WASHINGTON',40.8464,-73.9399,'A','8th Avenue'),('FRANKLIN AVENUE-FULTON ST',40.6813,-73.9556,'C,FS','Fulton Street'),('ELDER AVE-WESTCHESTER AVE',40.8287,-73.879,'6','Pelham'),('ATLANTIC AV-VAN SINDEREN AV',40.6754,-73.9026,'L','Canarsie'),('BAY PARKWAY-66TH STREET',40.613,-73.9821,'N','Sea Beach'),('121ST STREET',40.7005,-73.8292,'J,Z','Jamaica'),('DITMARS BLVD & 31ST STREET',40.775,-73.9119,'N,Q','Astoria'),('72ND STREET & BROADWAY',40.7791,-73.9818,'1,2,3','7th Ave-Bway'),('ATLANTIC AVENUE',40.685,-73.9779,'B,D,N,Q,R,2,3,4,5','Eastern Parkway'),('DEKALB AVENUE',40.6898,-73.9811,'Q,R','4th Avenue'),('205TH ST-BAINBRIDGE AVE',40.8749,-73.8793,'D','Concourse'),('110TH STREET-8TH AVENUE',40.8009,-73.9584,'B,C','8th Avenue'),('NORWOOD AVENUE-FULTON ST',40.6818,-73.879,'J,Z','Jamaica'),('FULTON STREET-LAFAYETTE AV',40.6872,-73.9763,'G','Crosstown'),('EAST 143RD ST-SOUTHERN BLVD',40.8083,-73.9076,'6','Pelham'),('47-50 STREETS/ROCKEFELLER',40.7586,-73.9811,'B,D,F,M','6th Avenue'),('59TH STREET-4TH AVENUE',40.6416,-74.0174,'N,R','4th Avenue'),('SHEPHERD AVE-PITKIN AVE',40.674,-73.8807,'A,C','Fulton Street'),('FT HAMILTON PKY-GREENWOOD',40.6516,-73.9756,'F,G','Prospect Park'),('VAN SICLEN AVENUE-FULTON ST',40.6778,-73.8917,'J,Z','Jamaica'),('170TH STREET-JEROME AVENUE',40.8401,-73.9176,'4','Jerome'),('BROADWAY LAFAYETTE-BLEECKER',40.7255,-73.9964,'B,D,F,M','6th Avenue'),('JACKSON AVENUE-VERNON BLVD',40.7428,-73.9539,'7','Flushing'),('CANAL STREET-BROADWAY',40.7195,-74.0016,'J,N,Q,R,Z,6','Broadway'),('HOYT STREET-FULTON STREET',40.6904,-73.9843,'2,3','Eastern Parkway'),('TREMONT AVE-179TH ST',40.8512,-73.9043,'B,D','Concourse'),('CYPRESS HILLS',40.6901,-73.8716,'J','Jamaica'),('71ST AVE-CONTINENTAL AVE',40.7215,-73.8434,'E,F,M,R','Queens'),('96TH ST-CENTRAL PARK WEST',40.7916,-73.965,'B,C','8th Avenue'),('63RD DRIVE-REGO PARK',40.73,-73.8613,'M,R','Queens'),('SMITH STREET-9TH STREET',40.6747,-73.9975,'F,G','Prospect Park'),('JUNCTION BLVD-ROOSEVELT AVE',40.7491,-73.8691,'7','Flushing'),('176TH STREET-JEROME AVENUE',40.8485,-73.9116,'4','Jerome'),('HOYT ST-SCHERMERHORN ST',40.6884,-73.9842,'A,C,G','Fulton Street'),('ELMHURST AVE-BROADWAY',40.7421,-73.881,'M,R','Queens'),('DYRE AVENUE-LIGHT STREET',40.888,-73.8312,'5','Dyre Avenue'),('SUTPHIN BLVD-HILLSIDE AVE',40.7056,-73.8095,'F','Queens'),('GRAND ARMY PLAZA',40.6751,-73.9708,'2,3','Eastern Parkway'),('MOSHOLU PARKWAY-JEROME AVE',40.8799,-73.8842,'4','Jerome'),('DEKALB AVE-WYCKOFF AVE',40.7044,-73.919,'L','Canarsie'),('75TH AVENUE-QUEENS BLVD',40.7191,-73.8379,'E,F','Queens'),('138TH ST-GRAND CONCOURSE',40.8131,-73.9297,'4,5','Jerome'),('YORK STREET-JAY STREET',40.7014,-73.9867,'F','6th Avenue'),('8TH STREET & BROADWAY',40.7306,-73.9922,'N,R','Broadway'),('8TH AVENUE-62ND STREET',40.6346,-74.0107,'N','Sea Beach'),('PARSONS BLVD & HILLSIDE AV',40.7076,-73.8026,'F','Queens'),('163RD ST & AMSTERDAM AVE',40.8352,-73.9401,'C','8th Avenue'),('168TH STREET & BROADWAY',40.8407,-73.9397,'A,C,1','7th Ave-Bway'),('125TH STREET-LENOX AVENUE',40.8079,-73.9452,'2,3','Lenox'),('57TH STREET-6TH AVENUE',40.7646,-73.9768,'F','6th Avenue'),('CANAL STREET',40.7186,-74.0005,'J,N,Q,R,Z,6','Lexington'),('HEWES STREET-BROADWAY',40.7072,-73.9543,'J,M','Jamaica'),('21ST STREET-QUEENSBRIDGE',40.7543,-73.9419,'F','63rd Street'),('CLARK STREET-HENRY STREET',40.6976,-73.9931,'2,3','Clark Street'),('CHURCH AVENUE',40.6494,-73.9634,'B,Q','Brighton'),('BAYCHESTER AVE-TILLOTSON',40.8793,-73.8379,'5','Dyre Avenue'),('125TH STREET & BROADWAY',40.8152,-73.9584,'1','7th Ave-Bway'),('42ND STREET & GRAND CENTRAL',40.7517,-73.9763,'GS,4,5,6,7','Lexington'),('18TH STREET-7TH AVENUE',40.7416,-73.9972,'1','7th Ave-Bway'),('PELHAM BAY PARK-BRUCKNER BL',40.853,-73.827,'6','Pelham'),('111TH STREET',40.6971,-73.8372,'J','Jamaica'),('MT EDEN AVENUE-JEROME AVE',40.8444,-73.9146,'4','Jerome'),('18TH AVENUE-62ND STREET',40.6201,-73.9894,'N','Sea Beach'),('CHAMBERS STREET',40.7156,-74.009,'1,2,3','7th Ave-Bway'),('BOTANIC GARDEN-FRANKLIN AVE',40.6706,-73.9591,'FS,2,3,4,5','Franklin Shuttle'),('AVENUE U-WEST 7TH STREET',40.5965,-73.9789,'N','Sea Beach'),('SPRING STREET-LAFAYETTE ST',40.7222,-73.9968,'6','Lexington'),('BURNSIDE AVE-JEROME AVE',40.8536,-73.9074,'4','Jerome'),('NEW UTRECHT AVENUE-62ND ST',40.6256,-73.9968,'D,N','Sea Beach'),('WHITEHALL STREET',40.7019,-74.0126,'R,1','Broadway'),('219TH ST-WHITE PLAINS ROAD',40.8834,-73.8627,'2,5','White Plains'),('PROSPECT AVENUE-WESTCHESTER',40.8194,-73.902,'2,5','White Plains'),('SUTPHIN BOULEVARD',40.7006,-73.8074,'E,J,Z','Archer Avenue'),('23RD STREET-6TH AVENUE',40.7428,-73.9924,'F,M','6th Avenue'),('NEW LOTS AV-VAN SINDEREN AV',40.659,-73.8994,'L','Canarsie'),('AVENUE N-MCDONALD AVENUE',40.6143,-73.9739,'F','Culver'),('145TH STREET',40.8238,-73.9447,'A,B,C,D','8th Avenue'),('50TH STREET & 7TH AVENUE',40.7612,-73.9834,'1','7th Ave-Bway'),('KINGSBRIDGE RD-JEROME AVE',40.8678,-73.897,'4','Jerome'),('HIGH ST-CADMAN PLAZA WEST',40.6994,-73.9914,'A,C','8th Avenue'),('HUDSON STREET-78TH STREET',40.6794,-73.8603,'A','Liberty Avenue'),('CITY HALL',40.7135,-74.0067,'R','Broadway'),('61ST STREET-ROOSEVELT AVE',40.7457,-73.9031,'7','Flushing'),('135TH STREET-ST NICHOLAS AV',40.8169,-73.9478,'B,C','8th Avenue'),('53RD STREET-4TH AVENUE',40.6456,-74.0137,'R','4th Avenue'),('25TH AVENUE-86TH STREET',40.5979,-73.987,'D','West End'),('238TH ST-WHITE PLAINS ROAD',40.8983,-73.8543,'2,5','White Plains'),('FRANKLIN AVE/EASTERN PKWY',40.6707,-73.9577,'FS,2,3,4,5','Eastern Parkway'),('36TH STREET-4TH AVENUE',40.6544,-74.0041,'N,R','4th Avenue'),('116TH STREET-LENOX AVENUE',40.8021,-73.9494,'2,3','Lenox'),('137TH STREET-BROADWAY',40.8215,-73.9539,'1','7th Ave-Bway'),('34TH STREET & 6TH AVENUE',40.7499,-73.9875,'B,D,F,M,N,Q,R','Broadway'),('181ST STREET-FT WASH AVE',40.8508,-73.9381,'A','8th Avenue'),('STERLING ST-NOSTRAND AVE',40.6632,-73.9507,'2,5','Nostrand'),('FIFTH AVENUE',40.7604,-73.9756,'E,M','Queens'),('177TH STREET-PARKCHESTER',40.8332,-73.8609,'6','Pelham'),('191ST STREET-ST NICHOLAS AV',40.8554,-73.9295,'1','7th Ave-Bway'),('EASTERN PARKWAY',40.6721,-73.9642,'2,3','Eastern Parkway'),('242ND STREET & BROADWAY',40.8899,-73.8978,'1','7th Ave-Bway'),('104TH STREET',40.695,-73.8433,'J,Z','Jamaica'),('116TH STREET-8TH AVENUE',40.8042,-73.9551,'B,C','8th Avenue'),('PROSPECT AVE-4TH AVE',40.6653,-73.9927,'R','4th Avenue'),('36TH AVENUE & 31ST STREET',40.7568,-73.9297,'N,Q','Astoria'),('HALSEY STREET-WYCKOFF AVE',40.6959,-73.9051,'L','Canarsie'),('179TH STREET & HILLSIDE AVE',40.7123,-73.7843,'F','Queens'),('ROCKAWAY AVENUE',40.6624,-73.9088,'3','New Lots'),('ROCKAWAY PKWY-GLENWOOD RD',40.6456,-73.9025,'L','Canarsie'),('ZEREGA AVE-WESTCHESTER AVE',40.837,-73.8467,'6','Pelham'),('HOUSTON STREET-VARICK ST',40.7287,-74.0051,'1','7th Ave-Bway'),('FORDHAM ROAD & JEROME AVE',40.8628,-73.9008,'4','Jerome'),('KOSCIUSZKO STREET-BROADWAY',40.6929,-73.9279,'J','Jamaica'),('79TH STREET-BROADWAY',40.784,-73.9797,'1','7th Ave-Bway'),('225TH STREET',40.8743,-73.9098,'1','7th Ave-Bway'),('CANAL STREET-LISPENARD ST',40.7207,-74.005,'A,C,E','8th Avenue'),('85TH STREET & FOREST PKWAY',40.6924,-73.859,'J','Jamaica'),('BEDFORD AVENUE-NOSTRAND AVE',40.6894,-73.955,'G','Crosstown'),('FIFTH AVENUE & 42ND STREET',40.7534,-73.9811,'B,D,F,M,7','Flushing'),('MARCY AVENUE-BROADWAY',40.7084,-73.9577,'J,M,Z','Jamaica'),('MAIN STREET',40.7599,-73.8284,'7','Flushing'),('FIFTH AVENUE & 60TH STREET',40.7647,-73.9722,'N,Q,R','Broadway'),('MYRTLE AVENUE-MARCY AVENUE',40.6955,-73.949,'G','Crosstown'),('PELHAM PKWY-ESPLANADE',40.8588,-73.8555,'5','Dyre Avenue'),('KINGS HIGHWAY-EAST 16TH ST',40.6088,-73.9579,'B,Q','Brighton'),('EAST 149TH ST-SOUTHERN BLVD',40.8124,-73.9038,'6','Pelham'),('STEINWAY ST-BROADWAY',40.7583,-73.9194,'M,R','Queens'),('PARK PLACE',40.7127,-74.0078,'A,C,E,2,3','Clark Street'),('25TH STREET-4TH AVENUE',40.6603,-73.998,'R','4th Avenue'),('145TH STREET-LENOX AVENUE',40.8206,-73.9359,'3','Lenox'),('23RD STREET-PARK AVE SOUTH',40.74,-73.9862,'6','Lexington'),('36TH STREET-NORTHERN BLVD',40.7519,-73.9271,'M,R','Queens'),('40TH STREET-LOWERY STREET',40.7439,-73.9241,'7','Flushing'),('BUSHWICK AVENUE-ABERDEEN ST',40.6823,-73.9052,'L','Canarsie'),('7TH AVENUE-PARK PLACE',40.6773,-73.9722,'B,Q','Brighton'),('ASTOR PLACE-4 AVENUE',40.73,-73.9914,'6','Lexington'),('BEDFORD AVE-NORTH 7TH ST',40.7178,-73.9576,'L','Canarsie'),('OCEAN PKWAY-BRIGHTON BCH AV',40.5762,-73.9676,'Q','Brighton'),('ROCKAWAY PARK-BEACH 116TH',40.5805,-73.8374,'H','Rockaway'),('110TH STREET-BROADWAY',40.8039,-73.9666,'1','7th Ave-Bway'),('LAFAYETTE AVENUE-FULTON ST',40.6857,-73.9735,'C','Fulton Street'),('NEWKIRK AVE-NOSTRAND AVE',40.6399,-73.9482,'2,5','Nostrand'),('KINGS HIGHWAY-MCDONALD AVE',40.604,-73.9721,'F','Culver'),('JEFFERSON STREET-WYCKOFF AV',40.7072,-73.9237,'L','Canarsie'),('EAST 180TH ST-MORRIS PARK',40.8415,-73.8729,'2,5','White Plains'),('79TH STREET-17TH AVENUE',40.6128,-74.0007,'D','West End'),('RECTOR STREET-CHURCH STREET',40.708,-74.0127,'R','Broadway'),('45TH ROAD-COURT HOUSE SQ',40.7462,-73.9453,'E,G,M,7','Flushing'),('MCDONALD AVE-22ND AVE',40.6208,-73.9751,'F','Culver'),('2ND AVENUE-HOUSTON STREET',40.7239,-73.9913,'F','6th Avenue'),('RECTOR STREET-GREENWICH ST',40.7081,-74.0134,'1','7th Ave-Bway'),('CYPRESS AVENUE-138TH STREET',40.8052,-73.9132,'6','Pelham'),('20TH AVENUE-86TH STREET',40.6046,-73.998,'D','West End'),('MORRIS PARK-PAULDING AVENUE',40.8545,-73.8602,'5','Dyre Avenue'),('JACKSON AVENUE-WESTCHESTER',40.8169,-73.9074,'2,5','White Plains'),('23RD STREET-7TH AVENUE',40.7441,-73.9953,'1','7th Ave-Bway'),('161ST STREET-YANKEE STADIUM',40.828,-73.9256,'B,D,4','Concourse'),('WILLETS PT BLVD-ROOSEVELT',40.7548,-73.8456,'7','Flushing'),('GRANT AVENUE-PITKIN AVENUE',40.6767,-73.8655,'A','Liberty Avenue'),('NEW LOTS AVENUE',40.6663,-73.8833,'3','New Lots'),('BLEECKER ST-LAFAYETTE ST',40.7258,-73.9943,'6','Lexington'),('14TH STREET & 7TH AVENUE',40.7386,-73.9994,'F,L,M,1,2,3','7th Ave-Bway'),('116TH STREET-LEXINGTON AVE',40.7987,-73.9414,'6','Lexington'),('18TH AVENUE-86TH STREET',40.6079,-74.0016,'D','West End'),('CENTRAL AVE-MYRTLE AVE',40.698,-73.9264,'M','Myrtle Avenue'),('181ST STREET-ST NICHOLAS AV',40.8494,-73.9334,'1','7th Ave-Bway'),('14TH STREET-UNION SQUARE',40.7352,-73.9898,'L,N,Q,R,4,5,6','Broadway'),('ST LAWRENCE AVE-WEST AVE',40.8315,-73.8674,'6','Pelham'),('ROOSEVELT ISLAND',40.759,-73.9535,'F','63rd Street'),('NEWKIRK AVE-EAST 16TH ST',40.635,-73.9627,'B,Q','Brighton'),('1ST AVENUE-14TH STREET',40.7314,-73.9821,'L','Canarsie'),('EAST TREMONT AVENUE-178 ST',40.8411,-73.8794,'2,5','White Plains'),('50TH STREET-8TH AVENUE',40.7622,-73.9858,'C,E','8th Avenue'),('BRIGHTON BEACH-CONEY ISLAND',40.578,-73.9603,'B,Q','Brighton'),('82ND STREET-JACKSON HEIGHTS',40.7478,-73.8839,'7','Flushing'),('231ST STREET',40.8791,-73.9045,'1','7th Ave-Bway'),('ROOSEVELT AVE/JACKSON HTS',40.7465,-73.8915,'E,F,M,R,7','Queens'),('170TH STREET-GRAND CONC.',40.839,-73.914,'B,D','Concourse'),('81ST STREET-MUSEUM',40.7823,-73.9717,'B,C','8th Avenue'),('125TH STREET-LEXINGTON AVE',40.8045,-73.9372,'4,5,6','Lexington'),('GASTON AVENUE-BEACH 67TH ST',40.591,-73.7962,'A','Far Rockaway'),('BOWLING GREEN & BATTERY PL',40.7047,-74.0139,'4,5','Lexington'),('28TH STREET-PARK AVE SOUTH',40.7433,-73.9837,'6','Lexington'),('86TH STREET-AVENUE V',40.5927,-73.9782,'N','Sea Beach'),('LONGWOOD AVE-SOUTHERN BLVD',40.8164,-73.8959,'6','Pelham'),('39TH AVENUE & 31ST STREET',40.7529,-73.9329,'N,Q','Astoria'),('FRESH POND ROAD-68TH AVENUE',40.7061,-73.8956,'M','Myrtle Avenue'),('NECK ROAD-EAST 16TH STREET',40.595,-73.9551,'B,Q','Brighton'),('34TH STREET - PENN STATION',40.7528,-73.9926,'A,C,E','8th Avenue'),('GRAND ST-BUSHWICK AVE',40.7119,-73.9404,'L','Canarsie'),('UTICA AVENUE',40.669,-73.9317,'3,4','Eastern Parkway'),('BEVERLEY ROAD -EAST 15TH ST',40.6443,-73.9645,'B,Q','Brighton'),('AVENUE X-MCDONALD AVENUE',40.5903,-73.9741,'F','Culver'),('109TH STREET-LIBERTY AVENUE',40.684,-73.8328,'A','Liberty Avenue'),('JUNIUS STREET',40.6634,-73.9026,'3','New Lots'),('BOWERY STREET-DELANCEY ST',40.7203,-73.9934,'J,Z','Nassau Loop'),('190TH STREET-OVERLOOK TERR',40.8589,-73.9327,'A','8th Avenue'),('WINTHROP ST-NOSTRAND AVE',40.6572,-73.95,'2,5','Nostrand'),('PARK PLACE-FRANKLIN AVENUE',40.6752,-73.9576,'FS','Franklin Shuttle'),('103RD STREET-LEXINGTON AVE',40.7902,-73.9476,'6','Lexington'),('AVENUE H-EAST 16TH STREET',40.6299,-73.9615,'B,Q','Brighton'),('WESTCHESTER SQUARE',40.8401,-73.8429,'6','Pelham'),('AVENUE U-MCDONALD AVENUE',40.5969,-73.9731,'F','Culver'),('167TH ST-GRAND CONCOURSE',40.8346,-73.9172,'B,D','Concourse'),('103RD ST-CENTRAL PARK WEST',40.7963,-73.9616,'B,C','8th Avenue'),('NOSTRAND AVENUE',40.6697,-73.9502,'3','Eastern Parkway'),('ALLERTON AV-WHITE PLAINS RD',40.8653,-73.8672,'2,5','White Plains'),('104TH STREET-LIBERTY AVENUE',40.682,-73.8367,'A','Liberty Avenue'),('233RD ST-WHITE PLAINS ROAD',40.8932,-73.8573,'2,5','White Plains'),('GRAND ST-CHRISTIE ST',40.7182,-73.9935,'B,D','6th Avenue'),('77TH STREET-LEXINGTON AVE',40.7736,-73.9596,'6','Lexington'),('63RD STREET-LEXINGTON AVE',40.7649,-73.9664,'F','63rd Street'),('LORIMER STREET-BROADWAY',40.7035,-73.9465,'J,M','Jamaica'),('NASSAU AVE-MANHATTAN AVE',40.7238,-73.9506,'G','Crosstown'),('FLUSHING AVE-BROADWAY',40.7008,-73.9417,'J,M','Jamaica'),('8TH AVENUE-14TH STREET',40.7396,-74.0024,'A,C,E,L','Canarsie'),('NOSTRAND AVE-FULTON ST',40.6802,-73.9494,'A,C','Fulton Street'),('174TH-175TH ST-GRAND CONCOU',40.8464,-73.909,'B,D','Concourse'),('AVENUE J-EAST 16TH STREET',40.6251,-73.9608,'B,Q','Brighton'),('CORTELYOU RD-EAST 16TH ST',40.6413,-73.964,'B,Q','Brighton'),('103RD ST-ROOSEVELT AVE',40.7498,-73.8624,'7','Flushing'),('15TH ST-PROSPECT PARK WEST',40.6608,-73.979,'F,G','Prospect Park'),('BOWLING GREEN & BROADWAY',40.7046,-74.0135,'4,5','Lexington'),('BROADWAY - UNION AVENUE',40.7051,-73.9501,'G','Crosstown'),('CLASSON AVENUE-LAFAYETTE AV',40.6888,-73.9599,'G','Crosstown'),('BEACH 25TH STREET-WAVECREST',40.5997,-73.7616,'A','Far Rockaway'),('QUEENS PLAZA-JACKSON AVE',40.7488,-73.9371,'E,M,R','Queens'),('174TH STREET-SOUTHERN BLVD',40.8373,-73.8873,'2,5','White Plains'),('21ST STREET-JACKSON AVENUE',40.7446,-73.9484,'G','Crosstown'),('FRANK AVENUE-BEACH 44TH ST',40.5929,-73.7757,'A','Far Rockaway'),('JAMAICA CENTER-PARSONS BLVD',40.7024,-73.7998,'E,J,Z','Archer Avenue'),('FULTON & WILLIAM STREETS',40.7095,-74.0061,'A,C,J,Z,2,3,4,5','Clark Street'),('WEST 4TH ST-WASHINGTON SQ',40.7333,-73.9996,'A,B,C,D,E,F,M','8th Avenue'),('BUHRE AVE-WESTCHESTER AVE',40.8472,-73.8323,'6','Pelham'),('157TH STREET-BROADWAY',40.8339,-73.9446,'1','7th Ave-Bway'),('EUCLID AVE-PITKIN AVE',40.6755,-73.8717,'A,C','Fulton Street'),('AVENUE P-MCDONALD AVENUE',40.609,-73.9729,'F','Culver'),('BOYD STREET-88TH STREET',40.6798,-73.8504,'A','Liberty Avenue'),('FORT HAMILTON PARKWAY-62ND',40.6322,-74.0067,'N','Sea Beach'),('UTICA AVE-STUYVESANT AVE',40.6793,-73.932,'A,C','Fulton Street'),('DITMAS AVE-MCDONALD AVE',40.6354,-73.9779,'F','Culver'),('59TH STREET & LEXINGTON AVE',40.7621,-73.968,'N,Q,R,4,5,6','Lexington'),('JAY ST-METROTECH',40.6935,-73.9871,'A,C,F,R','Fulton Street'),('SPRING STREET-6TH AVENUE',40.7256,-74.0037,'C,E','8th Avenue'),('34TH STREET & 7TH AVENUE',40.751,-73.9903,'1,2,3','7th Ave-Bway'),('ASTORIA BLVD & 31ST STREET',40.7709,-73.9169,'N,Q','Astoria'),('30TH AVENUE & 31ST STREET',40.767,-73.9212,'N,Q','Astoria'),('HUNTERS PT AVE-49TH AVE',40.7424,-73.9481,'7','Flushing'),('65TH STREET-BROADWAY',40.7493,-73.8974,'M,R','Queens'),('18TH AVE-MCDONALD AVE',40.6306,-73.977,'F','Culver'),('CARROLL ST-PRESIDENT ST',40.6809,-73.9942,'F,G','Prospect Park'),('59TH STREET/COLUMBUS CIRCLE',40.7676,-73.9812,'A,B,C,D,1','7th Ave-Bway'),('51ST STREET & LEXINGTON AVE',40.7571,-73.9716,'E,M,6','Lexington'),('FOREST AVENUE-PUTNAM AVENUE',40.7047,-73.9022,'M','Myrtle Avenue'),('LIVONIA AVE-VAN SINDEREN AV',40.6637,-73.9005,'L','Canarsie'),('BAY RIDGE AVE-4TH AVENUE',40.6348,-74.0233,'R','4th Avenue'),('AVENUE I-MCDONALD AVENUE',40.6262,-73.9762,'F','Culver'),('7TH AVENUE-9TH STREET',40.667,-73.9813,'F,G','Prospect Park'),('VAN SICLEN AVE-PITKIN AVE',40.6725,-73.8902,'A,C','Fulton Street'),('225TH ST-WHITE PLAINS ROAD',40.8877,-73.8604,'2,5','White Plains'),('HOLLAND-BEACH 90TH STREET',40.5878,-73.814,'H','Rockaway'),('HOYT STREET-HOYT STREET',40.6904,-73.9853,'2,3','Eastern Parkway'),('169TH STREET & HILLSIDE AVE',40.7106,-73.7929,'F','Queens'),('42ND STREET & 6TH AVENUE',40.7548,-73.9837,'B,D,F,M,7','6th Avenue'),('MORGAN AVENUE-HARRISON PL',40.7063,-73.9317,'L','Canarsie'),('WILSON AVENUE-MOFFAT STREET',40.6888,-73.9047,'L','Canarsie'),('9TH AVENUE-39TH STREET',40.6463,-73.9945,'D','West End'),('DYCKMAN STREET-BROADWAY',40.8653,-73.927,'A','8th Avenue'),('155TH STREET-ST NICHOLAS AV',40.8309,-73.9411,'C','8th Avenue'),('BOROUGH HALL - COURT STREET',40.6936,-73.9906,'R,2,3,4,5','Clark Street'),('BERGEN STREET-SMITH STREET',40.6867,-73.9903,'F,G','Prospect Park'),('CLINTON AVENUE-FULTON ST',40.6833,-73.9667,'C','Fulton Street'),('103RD STREET-BROADWAY',40.7992,-73.9683,'1','7th Ave-Bway'),('FREEMAN ST-SOUTHERN BLVD',40.8302,-73.8915,'2,5','White Plains'),('238TH STREET-BROADWAY',40.8852,-73.9004,'1','7th Ave-Bway'),('ROCKAWAY BLVD-LIBERTY AVE',40.6802,-73.8451,'A','Liberty Avenue'),('VAN WYCK BLVD-METROPOLITAN',40.7013,-73.8164,'E','Archer Avenue'),('69TH STREET-ROOSEVELT AVE',40.7465,-73.8963,'7','Flushing'),('MORRISON AVE & WESTCHESTER',40.8296,-73.8745,'6','Pelham'),('AQUEDUCT RACE TRACK',40.6722,-73.8344,'A','Rockaway'),('KINGSTON AVE-THROOP AVE',40.6798,-73.9411,'A,C','Fulton Street'),('SEVENTH AVENUE & WEST 53RD',40.7629,-73.9816,'B,D,E','Queens'),('ROCKAWAY AVE-HOPKINSON AVE',40.6783,-73.9137,'A,C','Fulton Street'),('CHAUNCEY STREET-ROCKAWAY AV',40.6834,-73.9112,'J,Z','Jamaica'),('HALSEY STREET-BROADWAY',40.6858,-73.9158,'J','Jamaica'),('20TH AVENUE-62ND STREET',40.6173,-73.9848,'N','Sea Beach'),('155TH STREET-8TH AVENUE',40.8303,-73.9367,'B,D','Concourse'),('28TH STREET & BROADWAY',40.7451,-73.9885,'N,R','Broadway'),('96TH STREET-LEXINGTON AVE',40.7859,-73.9507,'6','Lexington'),('55TH ST-NEW UTRECHT AVE',40.6314,-73.9953,'D','West End'),('67TH AVENUE-QUEENS BLVD',40.7271,-73.8532,'M,R','Queens'),('SIMPSON ST-WESTCHESTER AVE',40.8244,-73.8927,'2,5','White Plains'),('HUNTS PT AVE-SOUTHERN BLVD',40.8208,-73.8904,'6','Pelham'),('BEDFORD PARK BLVD-JEROME AV',40.8735,-73.8898,'4','Jerome'),('BRONX PARK EAST',40.8491,-73.8682,'2,5','White Plains'),('SARATOGA AVENUE',40.6616,-73.9152,'3','New Lots'),('FRANKLIN STREET-WEST BWAY',40.719,-74.0067,'1','7th Ave-Bway'),('SHEEPSHEAD BAY ROAD',40.5873,-73.9542,'B,Q','Brighton'),('LEFFERTS BLVD-LIBERTY AVE',40.6861,-73.8243,'A','Liberty Avenue'),('PRINCE STREET & BROADWAY',40.7242,-73.9976,'N,R','Broadway'),('SUTTER AVENUE',40.6649,-73.9227,'3','New Lots'),('77TH STREET-4TH AVENUE',40.6295,-74.0255,'R','4th Avenue'),('125TH STREET',40.8109,-73.9523,'A,B,C,D','8th Avenue'),('241ST ST-WHITE PLAINS RD',40.9035,-73.8501,'2,5','White Plains'),('207TH STREET-BROADWAY',40.8677,-73.921,'A','8th Avenue'),('75TH STREET & ELDERTS LANE',40.6913,-73.8664,'J,Z','Jamaica'),('GUN HILL ROAD-SEYMOUR',40.8701,-73.8459,'5','Dyre Avenue'),('GUNHILL RD-WHITE PLAINS RD',40.8778,-73.8662,'2,5','White Plains'),('CHRISTOPHER ST-SHERIDAN SQ',40.7334,-74.0027,'1','7th Ave-Bway'),('4TH AVENUE-9TH STREET',40.6704,-73.9885,'F,G,R','4th Avenue'),('NEVINS STREET',40.6881,-73.9802,'2,3,4,5','Eastern Parkway'),('BAY RIDGE - 95TH STREET',40.6162,-74.0312,'R','4th Avenue'),('PENNSYLVANIA AVENUE',40.6649,-73.8938,'3','New Lots'),('EAST 105TH ST-FARRAGUT ROAD',40.6513,-73.8989,'L','Canarsie'),('23RD STREET-ELY AVENUE',40.7477,-73.9446,'E,G,M,7','Queens'),('MIDDLETOWN ROAD-WESTCHESTER',40.8439,-73.8364,'6','Pelham'),('BROADWAY & 31ST STREET',40.7622,-73.9253,'N,Q','Astoria'),('KINGSBRIDGE RD-196TH ST',40.8677,-73.8927,'B,D','Concourse'),('50TH STREET-NEW UTRECHT AVE',40.6361,-73.9947,'D','West End'),('WOODHAVEN BOULEVARD',40.6935,-73.8526,'J,Z','Jamaica'),('149TH ST-GRAND CONCOURSE',40.8184,-73.9271,'2,4,5','Jerome'),('BROAD CHANNEL-NOEL ROAD',40.608,-73.816,'A,H','Rockaway'),('23RD STREET & 8TH AVENUE',40.7465,-73.9971,'C,E','8th Avenue'),('HOWARD BEACH-159TH AVE',40.6604,-73.8304,'A','Rockaway'),('111TH STREET-LENOX AVENUE',40.799,-73.9521,'2,3','Lenox'),('AVENUE U-EAST 16TH STREET',40.599,-73.956,'B,Q','Brighton'),('111TH STREET-ROOSEVELT AVE',40.7516,-73.8556,'7','Flushing'),('BERGEN STREET',40.6807,-73.9747,'2,3','Eastern Parkway'),('183RD STREET-JEROME AVENUE',40.8585,-73.9037,'4','Jerome'),('UNION TURNPIKE-KEW GARDENS',40.7141,-73.8299,'E,F','Queens'),('BROAD STREET & WALL STREET',40.7069,-74.0105,'J,Z','Nassau Loop'),('METROPOLITAN AVENUE',40.7121,-73.8895,'M','Myrtle Avenue'),('PRESIDENT ST-NOSTRAND AVE',40.6681,-73.9505,'2,5','Nostrand'),('LEXINGTON AVENUE',40.7577,-73.9691,'E,M,6','Queens'),('149TH STREET & 3RD AVENUE',40.8163,-73.9175,'2,5','White Plains'),('CANAL ST-LAFAYETTE ST EAST',40.7183,-74.0001,'J,N,Q,R,Z,6','Broadway'),('PROSPECT AVENUE-4TH AVENUE',40.6651,-73.993,'R','4th Avenue'),('WOODLAWN ROAD',40.8867,-73.8781,'4','Jerome'),('215TH STREET',40.8697,-73.915,'1','7th Ave-Bway'),('ESSEX ST-DELANCEY ST',40.7188,-73.9879,'F,J,M,Z','6th Avenue'),('DYCKMAN STREET',40.8612,-73.9251,'1','7th Ave-Bway'),('CANAL STREET-VARICK STREET',40.7225,-74.006,'1','7th Ave-Bway'),('BAY 50TH STREET-STILLWELL',40.5881,-73.9835,'D','West End'),('WOODHAVEN BLVD-QUEENS BLVD',40.733,-73.8703,'M,R','Queens'),('QUEENSBORO PLAZA',40.7508,-73.9397,'N,Q,7','Flushing'),('BURKE AVE-WHITE PLAINS ROAD',40.8716,-73.8673,'2,5','White Plains'),('STRAITON AVE-BEACH 60TH ST',40.5925,-73.7894,'A','Far Rockaway'),('33RD STREET-QUEENS BLVD',40.7447,-73.9315,'7','Flushing'),('GREENPOINT AVE',40.7301,-73.954,'G','Crosstown'),('145TH STREET-BROADWAY',40.8265,-73.9502,'1','7th Ave-Bway'),('45TH STREET-4TH AVENUE',40.6494,-74.0093,'R','4th Avenue'),('49TH STREET & 7TH AVENUE',40.7605,-73.9834,'N,Q,R','Broadway'),('CHURCH AVENUE & NOSTRAND AV',40.6507,-73.9494,'2,5','Nostrand'),('LAFAYETTE AV-WASHINGTON AV',40.6882,-73.9656,'G','Crosstown'),('CORTLANDT STREET',40.7104,-74.0111,'R','Broadway'),('MYRTLE AVENUE-BROADWAY',40.6969,-73.9355,'J,M,Z','Jamaica'),('42ND STREET & 8TH AVENUE',40.7573,-73.9896,'A,C,E,N,Q,R,GS,1,2,3,7','8th Avenue'),('AVENUE M-EAST 16TH STREET',40.6179,-73.9595,'B,Q','Brighton'),('MOTT AVENUE-BEACH 22ND ST',40.6047,-73.7542,'A','Far Rockaway'),('PROSPECT PARK-EMPIRE BLVD',40.6627,-73.9622,'B,Q,FS','Brighton'),('PARKSIDE AVE-OCEAN AVE',40.6552,-73.9615,'B,Q','Brighton'),('MONTROSE AVENUE',40.7078,-73.9398,'L','Canarsie'),('CLEVELAND STREET-FULTON ST',40.6797,-73.8857,'J','Jamaica'),('138TH STREET-3RD AVE',40.8108,-73.9267,'6','Pelham'),('116TH STREET-COLUMBIA',40.8082,-73.9635,'1','7th Ave-Bway'),('90TH STREET/ELMHURST AVENUE',40.7483,-73.8764,'7','Flushing'),('SEASIDE BEACH-105TH STREET',40.5832,-73.8272,'H','Rockaway'),('68TH STREET-HUNTER COLLEGE',40.7679,-73.9639,'6','Lexington'),('57TH STREET & 7TH AVENUE',40.7656,-73.9798,'N,Q,R','Broadway'),('EDGEMERE-BEACH 36TH STREET',40.5953,-73.7682,'A','Far Rockaway'),('42ND STREET/TIMES SQUARE',40.7556,-73.9863,'A,C,E,N,Q,R,GS,1,2,3,7','7th Ave-Bway'),('86TH STREET-4TH AVENUE',40.6235,-74.0282,'R','4th Avenue'),('BROOK AVENUE-138TH STREET',40.8076,-73.919,'6','Pelham'),('CHURCH AVE-MCDONALD AVE',40.6427,-73.9793,'F,G','Prospect Park'),('71ST STREET-NEW UTRECHT AVE',40.6189,-73.9988,'D','West End'),('72ND STREET-CENTRAL PK WEST',40.7764,-73.976,'B,C','8th Avenue'),('110TH STREET-LEXINGTON AVE',40.7947,-73.9443,'6','Lexington'),('KINGS HIGHWAY-WEST 7TH ST',40.6051,-73.9806,'N','Sea Beach'),('BAY PARKWAY-86TH STREET',40.6019,-73.9935,'D','West End'),('86TH ST-CENTRAL PARK WEST',40.7855,-73.9695,'B,C','8th Avenue'),('46TH STREET-BROADWAY',40.7569,-73.9143,'M,R','Queens'),('WEST 6TH STREET-SURF AVENUE',40.5759,-73.9767,'F,Q','Coney Island'),('BEVERLY RD-NOSTRAND AVE',40.645,-73.9487,'2,5','Nostrand'),('FORDHAM RD/GRAND CONCOURSE',40.8626,-73.8967,'B,D','Concourse'),('167TH STREET-RIVER AVENUE',40.8357,-73.9211,'4','Jerome'),('207TH STREET',40.8646,-73.9187,'1','7th Ave-Bway'),('33RD STREET-PARK AVENUE',40.7466,-73.9815,'6','Lexington'),('NORTHERN BLVD-BROADWAY',40.7534,-73.9068,'M,R','Queens'),('SENECA AVENUE-PALMETTO ST',40.7028,-73.9075,'M','Myrtle Avenue'),('METROPOLITAN AVE-LORIMER ST',40.7139,-73.9493,'G,L','Canarsie'),('GRAND AVE-QUEENS BOULEVARD',40.7363,-73.8764,'M,R','Queens'),('3RD AVENUE-14TH STREET',40.7331,-73.9865,'L','Canarsie'),('MYRTLE AVE-GATES AVENUE',40.6998,-73.9113,'L,M','Canarsie'),('NEPTUNE AVE-MCDONALD AVENUE',40.5806,-73.9744,'F','Culver'),('LIBERTY AVE-PENNSYLVANIA AV',40.6743,-73.8963,'A,C','Fulton Street'),('FULTON STREET',40.7102,-74.0094,'A,C,J,Z,2,3,4,5','Lexington'),('GATES AVENUE-BROADWAY',40.6901,-73.9231,'J,Z','Jamaica'),('96TH STREET-BROADWAY',40.7943,-73.972,'1,2,3','7th Ave-Bway'),('PLAYLAND-BEACH 98TH STREET',40.5853,-73.8203,'H','Rockaway'),('STILLWELL AVE-CONEY ISLAND',40.5769,-73.9808,'D,F,N,Q','Coney Island'),('BROOKLYN BRIDGE',40.7123,-74.0044,'J,Z,4,5,6','Lexington'),('SUTTER AVE-VAN SINDEREN AVE',40.6685,-73.9018,'L','Canarsie'),('FLATBUSH AVE & NOSTRAND AV',40.6328,-73.9474,'2,5','Nostrand'),('UNION STREET-4TH AVENUE',40.6772,-73.983,'R','4th Avenue'),('KINGSTON AVE/EASTERN PKWY',40.6693,-73.9419,'3','Eastern Parkway'),('WHITLOCK AVE-WESTCHESTER AV',40.8273,-73.8861,'6','Pelham'),('ALABAMA AVENUE-FULTON ST',40.6768,-73.8995,'J','Jamaica'),('EAST BROADWAY-MADISON ST',40.7139,-73.99,'F','6th Avenue'),('28TH STREET-7TH AVENUE',40.7472,-73.9931,'1','7th Ave-Bway'),('GRAHAM AVE-METROPOLITAN AVE',40.7144,-73.9442,'L','Canarsie'),('FULTON ST & BROADWAY NASSAU',40.7102,-74.0076,'A,C,J,Z,2,3,4,5','Nassau Loop'),('46TH ST-BLISS ST',40.7432,-73.9186,'7','Flushing'),('WALL STREET',40.7076,-74.0117,'4,5','Lexington'),('182ND STREET-183RD STREET',40.856,-73.9005,'B,D','Concourse'),('42ND STREET & 3RD AVENUE',40.7509,-73.9751,'GS,4,5,6,7','Flushing'),('86TH STREET-BROADWAY',40.7883,-73.9761,'1','7th Ave-Bway'),('135TH STREET-LENOX AVENUE',40.8142,-73.9406,'2,3','Lenox'),('52ND STREET-ROOSEVELT AVE',40.7439,-73.913,'7','Flushing'),('86TH STREET-LEXINGTON AVE',40.7797,-73.9553,'4,5,6','Lexington'),('NORTH CONDUIT AVE-COHANCEY',40.667,-73.8335,'A','Rockaway'),('VAN WYCK BLVD-MAIN STREET',40.7093,-73.8198,'F','Queens'),('34TH STREET & 8TH AVENUE',40.752,-73.9933,'A,C,E','8th Avenue'),('FLUSHING AVENUE-MARCY AVE',40.7,-73.9499,'G','Crosstown'),('66TH STREET-BROADWAY',40.7735,-73.982,'1','7th Ave-Bway'),('23RD STREET & 5TH AVENUE',40.7414,-73.9889,'N,R','Broadway');
/*!40000 ALTER TABLE `stations` ENABLE KEYS */;
UNLOCK TABLES;
/*!40103 SET TIME_ZONE=@OLD_TIME_ZONE */;

/*!40101 SET SQL_MODE=@OLD_SQL_MODE */;
/*!40014 SET FOREIGN_KEY_CHECKS=@OLD_FOREIGN_KEY_CHECKS */;
/*!40014 SET UNIQUE_CHECKS=@OLD_UNIQUE_CHECKS */;
/*!40101 SET CHARACTER_SET_CLIENT=@OLD_CHARACTER_SET_CLIENT */;
/*!40101 SET CHARACTER_SET_RESULTS=@OLD_CHARACTER_SET_RESULTS */;
/*!40101 SET COLLATION_CONNECTION=@OLD_COLLATION_CONNECTION */;
/*!40111 SET SQL_NOTES=@OLD_SQL_NOTES */;

-- Dump completed on 2014-02-24 15:11:09
